journal_key,journal,journal_canonical,publisher,issns,abdc
The International Journal of Accounting,The International Journal of Accounting,The International Journal of Accounting,World Scientific Publishing Co. Pte. Ltd.,"['1094-4060', '2213-3933']",A
SSRN Electronic Journal,SSRN Electronic Journal,,,['1556-5068'],
Quarterly Review of Economics and Finance,The Quarterly Review of Economics and Finance,The Quarterly Review of Economics and Finance,Elsevier BV,['1062-9769'],B
Review of Financial Economics,Review of Financial Economics,Review of Financial Economics,John Wiley & Sons Ltd.,"['1058-3300', '1873-5924']",B
Journal of Real Estate Finance and Economics,The Journal of Real Estate Finance and Economics,Journal of Real Estate Finance and Economics,Springer New York LLC,"['0895-5638', '1573-045X']",A
Real Estate Economics,Real Estate Economics,Real Estate Economics,"Wiley-Blackwell Publishing, Inc.","['1080-8620', '1540-6229']",A
Advances in Decision Sciences,Advances in Decision Sciences,Advances in Decision Sciences,Asia University,"['2090-3367', '2090-3359']",
Journal of Property Research,Journal of Property Research,Journal of Property Research,Routledge,"['0959-9916', '1466-4453']",B
Journal of International Money and Finance,Journal of International Money and Finance,Journal of International Money and Finance,Elsevier Ltd,"['0261-5606', '1873-0639']",A
The Journal of Portfolio Management,The Journal of Portfolio Management,The Journal of Portfolio Management,Portfolio Management Research,"['0095-4918', '2168-8656']",A
The Journal of Business,The Journal of Business,The Journal of Business (Chicago),,"['0021-9398', '1537-5374']",
The European Journal of Finance,The European Journal of Finance,The European Journal of Finance,Routledge,"['1351-847X', '1466-4364']",A
The Journal of Asset Management,Journal of Asset Management,Journal of Asset Management,Palgrave Macmillan Ltd.,"['1470-8272', '1479-179X']",B
Applied Mathematical Finance,Applied Mathematical Finance,Applied Mathematical Finance,Routledge,"['1350-486X', '1466-4313']",B
International Review of Economics & Finance,International Review of Economics and Finance,International Review of Economics & Finance,Elsevier BV,"['1059-0560', '1873-8036']",A
Finance Research Letters,Finance Research Letters,Finance Research Letters,Academic Press,['1544-6123'],A
Journal of Contemporary Accounting and Economics,Journal of Contemporary Accounting and Economics,Journal of Contemporary Accounting and Economics,Elsevier Ltd,"['1815-5669', '2352-3298']",A
Journal of Accounting Literature,Journal of Accounting Literature,Journal of Accounting Literature,Elsevier Inc.,"['0737-4607', '2452-1469']",A
Financial Review (US),The Financial Review,The Financial Review,"Wiley-Blackwell Publishing, Inc.","['0732-8516', '1540-6288']",A
British Accounting Review,The British Accounting Review,The British Accounting Review,Academic Press,"['0890-8389', '1095-8347']",A*
Journal of Financial Research,Journal of Financial Research,The Journal of Financial Research,"Wiley-Blackwell Publishing, Inc.","['0270-2592', '1475-6803']",A
Global Finance Journal,Global Finance Journal,Global Finance Journal,Elsevier BV,"['1044-0283', '1873-5665']",A
Corporate Governance: an international review,Corporate Governance: An International Review,Corporate Governance (Oxford),Wiley-Blackwell Publishing Ltd.,"['0964-8410', '1467-8683']",A
Accounting and Finance,Accounting & Finance,Accounting & Finance,Wiley-Blackwell Publishing Asia,"['0810-5391', '1467-629X']",A
Journal of Financial Stability,Journal of Financial Stability,Journal of Financial Stability,Elsevier Inc.,"['1572-3089', '1878-0962']",A*
The European Accounting Review,European Accounting Review,European Accounting Review,Routledge,"['0963-8180', '1468-4497']",A*
Journal of Business Finance & Accounting,Journal of Business Finance and Accounting,Journal of Business Finance & Accounting,Wiley-Blackwell Publishing Ltd.,"['0306-686X', '1468-5957']",A*
Journal of Banking & Finance,Journal of Banking and Finance,Journal of Banking & Finance,Elsevier BV,"['0378-4266', '1872-6372']",A*
Pacific-Basin Finance Journal,Pacific-Basin Finance Journal,Pacific-Basin Finance Journal,Elsevier BV,['0927-538X'],A
Journal of Behavioral and Experimental Finance,Journal of Behavioral and Experimental Finance,Journal of Behavioral and Experimental Finance,Elsevier BV,['2214-6350'],A
Australian Journal of Management,Australian Journal of Management,Australian Journal of Management,Sage Publications Ltd.,"['0312-8962', '1327-2020']",A
Journal of Corporate Finance,Journal of Corporate Finance,Journal of Corporate Finance,Elsevier BV,"['0929-1199', '1872-6313']",A*
Journal of Business Research,Journal of Business Research,Journal of Business Research,Elsevier Inc.,"['0148-2963', '1873-7978']",A
The Journal of Finance,The Journal of Finance,The Journal of Finance,"Wiley-Blackwell Publishing, Inc.","['0022-1082', '1540-6261']",A*
International Review of Financial Analysis,International Review of Financial Analysis,International Review of Financial Analysis,Elsevier BV,['1057-5219'],A
Materiały i Studia,Materiały i Studia,,,"['2084-6258', '2084-6258']",
International Review of Finance,International Review of Finance,International Review of Finance,Wiley-Blackwell Publishing Asia,"['1369-412X', '1468-2443']",A
Journal of Financial Markets,Journal of Financial Markets,Journal of Financial Markets,Elsevier BV,['1386-4181'],A*
Financial Management,Financial Management,Financial Management,"Wiley-Blackwell Publishing, Inc.","['0046-3892', '1755-053X']",A*
Organization Science,Organization Science,Organization Science,Institute for Operations Research and the Management Sciences (I N F O R M S),"['1047-7039', '1526-5455']",A*
Management Science,Management Science,Management Science,Institute for Operations Research and the Management Sciences (I N F O R M S),"['0025-1909', '1526-5501']",A*
European Financial Management,European Financial Management,European Financial Management,Wiley-Blackwell Publishing Ltd.,"['1354-7798', '1468-036X']",A
Journal of Financial and Quantitative Analysis,Journal of Financial and Quantitative Analysis,Journal of Financial and Quantitative Analysis,Cambridge University Press,"['0022-1090', '1756-6916']",A*
Accounting Auditing and Accountability Journal,"Accounting, Auditing and Accountability Journal","Accounting, Auditing and Accountability Journal",Emerald Publishing Limited,"['1368-0668', '1758-4205']",A*
One Earth,One Earth,One Earth,Cell Press,"['2590-3322', '2590-3330']",
Nature Climate Change,Nature Climate Change,Nature Climate Change,Nature Publishing Group,"['1758-678X', '1758-6798']",
Global Environmental Change,Global Environmental Change,Global Environmental Change,Elsevier Ltd,"['0959-3780', '1872-9495']",A*
Journal of Cleaner Production,Journal of Cleaner Production,Journal of Cleaner Production,Elsevier BV,['0959-6526'],C
Business and Society,Business & Society,Business & Society,"Sage Publications, Inc.","['0007-6503', '1552-4205']",A
Journal of Business Ethics,Journal of Business Ethics,Journal of Business Ethics,Springer Netherlands,"['1573-0697', '0167-4544']",A
Abacus,Abacus,Abacus,Wiley-Blackwell Publishing Asia,"['0001-3072', '1467-6281']",A
Ethical Investor,Ethical Investor,,,['1445-1832'],
Journal of Banking and Finance,Journal of Banking and Finance,Journal of Banking & Finance,Elsevier BV,['0308-4266'],
The Australian Economic Review,Australian Economic Review,The Australian Economic Review,Wiley-Blackwell Publishing Asia,"['0004-9018', '1467-8462']",B
Economic Modelling,Economic Modelling,Economic Modelling,Elsevier BV,"['0264-9993', '1873-6122']",A
Journal of Accounting and Management Information Systems (JAMIS),Journal of Accounting and Management Information Systems,Contabilitate si Informatica de Gestiune,"Academia de Studii Economice din Bucuresti,Bucharest Academy of Economic Studies","['1583-4387', '1843-8105']",C
Accounting Research Journal,Accounting Research Journal,Accounting Research Journal,Emerald Publishing Limited,"['1030-9616', '1839-5465']",B
"Journal of International Financial Markets, Institutions and Money","Journal of International Financial Markets, Institutions and Money","Journal of International Financial Markets, Institutions & Money",Elsevier BV,"['1042-4431', '1873-0612']",A
British Journal of Management,British Journal of Management,British Journal of Management,Wiley-Blackwell Publishing Ltd.,"['1467-8551', '1045-3172']",A*
Review of Quantitative Finance and Accounting,Review of Quantitative Finance and Accounting,Review of Quantitative Finance and Accounting,Springer New York LLC,"['1573-7179', '0924-865X']",B
Managerial Finance,Managerial Finance,Managerial Finance,Emerald Publishing Limited,"['0307-4358', '1758-7743']",B
Journal of Multinational Financial Management,Journal of Multinational Financial Management,Journal of Multinational Financial Management,Elsevier BV,"['1042-444X', '1873-1309']",B
Corporate Ownership and Control,Corporate Ownership and Control,Corporate Ownership & Control,Virtus Interpress,"['1727-9232', '1810-3057']",
Journal of Economic Behavior and Organization,Journal of Economic Behavior and Organization,Journal of Economic Behavior & Organization,Elsevier BV,['0167-2681'],A*
Journal of Financial Economics,Journal of Financial Economics,Journal of Financial Economics,Elsevier BV,['0304-405X'],A*
Applied Financial Economics,Applied Financial Economics,Applied Financial Economics,Routledge,"['0960-3107', '1466-4305']",B
Journal of Economics and Business,Journal of Economics and Business,Journal of Economics and Business,Elsevier Inc.,['0148-6195'],B
Meditari Accountancy Research,Meditari Accountancy Research,Meditari Accountancy Research,Emerald Publishing Limited,"['2049-372X', '2049-3738']",A
Accounting and Business Research,Accounting and Business Research,Accounting and Business Research,Routledge,"['0001-4788', '2159-4260']",A
International Journal of Managerial Finance,International Journal of Managerial Finance,International Journal of Managerial Finance,Emerald Publishing Limited,"['1743-9132', '1758-6569']",A
Nature Communications,Nature Communications,Nature Communications,Nature Publishing Group,['2041-1723'],
Scientific Reports,Scientific Reports,Scientific Reports,Nature Publishing Group,['2045-2322'],
The International Journal of Life Cycle Assessment,The International Journal of Life Cycle Assessment,International Journal of Life Cycle Assessment,Springer,"['0948-3349', '1614-7502']",
California Management Review,California Management Review,California Management Review,"Sage Publications, Inc.","['0008-1256', '2162-8564']",A
Journal of Environmental Psychology,Journal of Environmental Psychology,Journal of Environmental Psychology,Academic Press,"['0272-4944', '1522-9610']",A
Climatic Change,Climatic Change,Climatic Change,Springer Netherlands,"['0165-0009', '1573-1480']",
Renewable and Sustainable Energy Reviews,Renewable & Sustainable Energy Reviews,Renewable & Sustainable Energy Reviews,Elsevier Ltd,"['1364-0321', '1879-0690']",A
Electronic Markets,Electronic Markets,Electronic Markets,Springer,"['1019-6781', '1422-8890']",A
Accounting and Management Information Systems,Accounting and Management Information Systems,Accounting and Management Information Systems,"Academia de Studii Economice din Bucuresti,Bucharest Academy of Economic Studies",['1843-8105'],
International Journal of Accounting and Information Management,International Journal of Accounting and Information Management,International Journal of Accounting & Information Management,Emerald Publishing Limited,"['1834-7649', '1758-9037']",B
Emerging Markets Review,Emerging Markets Review,Emerging Markets Review,Elsevier BV,"['1873-6173', '1566-0141']",A
European Journal of Operational Research,European Journal of Operational Research,European Journal of Operational Research,Elsevier BV,"['0377-2217', '1872-6860']",A*
Research Policy,Research Policy,Research Policy,Elsevier BV,['0048-7333'],A*
Economics Letters,Economics Letters,Economics Letters,Elsevier BV,"['0165-1765', '1873-7374']",A
Journal of Financial Intermediation,Journal of Financial Intermediation,Journal of Financial Intermediation,Academic Press,"['1042-9573', '1096-0473']",A*
The Economic Record,Economic Record,The Economic Record,Wiley-Blackwell Publishing Asia,"['0013-0249', '1475-4932']",A
Humanities and Social Sciences Communications,Humanities and Social Sciences Communications,Humanities & Social Sciences Communications,Springer Nature,['2662-9992'],
Applied Economics,Applied Economics,Applied Economics,Routledge,"['0003-6846', '1466-4283']",A
China Economic Review,China Economic Review,China Economic Review (Amsterdam),Elsevier BV,"['1043-951X', '1873-7781']",A
The Accounting Review,The Accounting Review,The Accounting Review,American Accounting Association,"['0001-4826', '1558-7967']",A*
Critical Finance Review,Critical Finance Review,Critical Finance Review,Now Publishers Inc.,"['2164-5760', '2164-5744']",A*
Journal of Empirical Finance,Journal of Empirical Finance,Journal of Empirical Finance,Elsevier BV,['0927-5398'],A
International Journal of Tourism Research,International Journal of Tourism Research,International Journal of Tourism Research,John Wiley & Sons Ltd.,"['1522-1970', '1099-2340']",A
Biometrics,Biometrics,Biometrics,Wiley-Blackwell Publishing Ltd.,"['0006-341X', '1541-0420']",
Land Use Policy,Land Use Policy,Land Use Policy,Elsevier Ltd,"['0264-8377', '1873-5754']",A
Social Choice and Welfare,Social Choice and Welfare,Social Choice and Welfare,Springer,"['0176-1714', '1432-217X']",A
Asia-Pacific Journal of Financial Studies,Asia-Pacific Journal of Financial Studies,Asia-Pacific Journal of Financial Studies,Wiley-Blackwell Publishing Ltd.,"['2041-6156', '2041-9945']",B
Computational Statistics and Data Analysis,Computational Statistics and Data Analysis,Computational Statistics & Data Analysis,Elsevier BV,"['0167-9473', '1872-7352']",A
Journal of Financial Econometrics,Journal of Financial Econometrics,Journal of Financial Econometrics,Oxford University Press,"['1479-8409', '1479-8417']",A*
Biostatistics,Biostatistics,Biostatistics,Oxford University Press,"['1465-4644', '1468-4357']",A
Psychological Methods,Psychological Methods,Psychological Methods,American Psychological Association,['1082-989X'],B
Journal of Computational and Graphical Statistics,Journal of Computational and Graphical Statistics,Journal of Computational and Graphical Statistics,Taylor & Francis Inc.,"['1061-8600', '1537-2715']",A*
Biometrika,Biometrika,Biometrika,Oxford University Press,"['0006-3444', '1464-3510']",A*
Sankhya: The Indian Journal of Statistics,Sankhya: The Indian Journal of Statistics,Sankhya: The Indian Journal of Statistics,,['0972-7671'],
Statistics & Probability Letters,Statistics and Probability Letters,Statistics & Probability Letters,Elsevier BV * North-Holland,['0167-7152'],B
Journal of Accounting and Public Policy,Journal of Accounting and Public Policy,Journal of Accounting and Public Policy,Elsevier Inc.,"['0278-4254', '1873-2070']",A*
Contemporary Accounting Research,Contemporary Accounting Research,Contemporary Accounting Research,"Canadian Academic Accounting Association,Association Canadienne des Professeurs de Comptabilite","['0823-9150', '1911-3846']",A*
Australasian Accounting Business and Finance Journal,"Australasian Accounting, Business and Finance Journal",Australasian Accounting Business & Finance Journal,"University of Wollongong * School of Accounting, Economics and Finance","['1834-2019', '1834-2000']",B
Managerial Auditing Journal,Managerial Auditing Journal,Managerial Auditing Journal,Emerald Publishing Limited,"['0268-6902', '1758-7735']",A
E-Journal of Business Education and Scholarship of Teaching,E-Journal of Business Education and Scholarship of Teaching,E-Journal of Business Education & Scholarship of Teaching,E-Journal of Business Education & Scholarship of Teaching,['1835-9132'],
Cogent Business & Management,Cogent Business & Management,Cogent Business & Management,Cogent OA,['2331-1975'],C
Journal of Accounting Auditing and Finance,"Journal of Accounting, Auditing and Finance",Journal of Accounting Auditing and Finance,"Sage Publications, Inc.","['2160-4061', '0148-558X']",A
Australian Tax Forum,Australian Tax Forum,Australian Tax Forum,Taxation Institute of Australia,['0812-695X'],A*
Journal of International Accounting Research,Journal of International Accounting Research,Journal of International Accounting Research,American Accounting Association,"['1542-6297', '1558-8025']",A
Australian Accounting Review,Australian Accounting Review,Australian Accounting Review,Wiley-Blackwell Publishing Asia,"['1035-6908', '1835-2561']",B
Health Policy and Technology,Health Policy and Technology,Health Policy and Technology,Elsevier BV,"['2211-8837', '2211-8845']",
Company and Securities Law Journal,Company and Securities Law Journal,Company and Securities Law Journal,Lawbook Co.,['0729-2775'],A
World Journal of Surgical Oncology,World Journal of Surgical Oncology,World Journal of Surgical Oncology,BioMed Central Ltd.,['1477-7819'],
Clinical Imaging,Clinical Imaging,Clinical Imaging,Elsevier Inc.,"['0899-7071', '1873-4499']",
Pacific Accounting Review,Pacific Accounting Review,Pacific Accounting Review,Emerald Publishing Limited,"['2041-5494', '0114-0582']",B
Global Economic Review,Global Economic Review,Global Economic Review,Routledge,"['1226-508X', '1744-3873']",C
Journal of International Financial Management and Accounting,Journal of International Financial Management and Accounting,Journal of International Financial Management and Accounting,Wiley-Blackwell Publishing Ltd.,"['0954-1314', '1467-646X']",A
Society and Natural Resources,Society and Natural Resources,Society & Natural Resources,Taylor & Francis Inc.,"['0894-1920', '1521-0723']",
CA Magazine,CA Magazine,The CA,Institute of Chartered Accountants of Scotland,['1352-9021'],
Allgemeine Forst- und Jagdzeitung (Journal for Forestry and Forest Science ),Allgemeine Forst- und Jagdzeitung (Journal for Forestry and Forest Science ),Allgemeine Forst- und Jagdzeitung,J.D. Sauerlaender's Verlag,['0002-5852'],
Centralblatt fuer das Gesamte Forstwesen,Centralblatt fuer das Gesamte Forstwesen,Centralblatt fuer Das Gesamte Forstwesen,,['0379-5292'],
Intheblack,Intheblack,Intheblack,Hardie Grant Magazines,['1832-0899'],
"Small-Scale Forest Economics, Management and Policy","Small-Scale Forest Economics, Management and Policy",Small-Scale Forestry,Springer Netherlands,['1447-1825'],
"Accounting, Organizations and Society",Accounting Organizations And Society,"Accounting, Organizations and Society",Elsevier Ltd,['0361-3682'],A*
Economic Analysis and Policy,Economic Analysis and Policy,Economic Analysis and Policy,Elsevier Australia,['0313-5926'],A
Society & Natural Resources,Society & Natural Resources,Society & Natural Resources,Taylor & Francis Inc.,['0894-1920'],
Forest Ecology and Management,Forest Ecology and Management,Forest Ecology and Management,Elsevier BV,['0378-1127'],
Australian Forestry,Australian Forestry,Australian Forestry,Taylor & Francis Australasia,['0004-9158'],
Journal of Management Accounting Research,Journal of Management Accounting Research,Journal of Management Accounting Research,American Accounting Association,"['1049-2127', '1558-8033']",A*
Issues in Accounting Education,Issues in Accounting Education,Issues in Accounting Education,American Accounting Association,"['0739-3172', '1558-7983']",A
Long Range Planning,Long Range Planning,Long Range Planning,Elsevier Ltd,"['0024-6301', '1873-1872']",A*
International Journal of Accounting Information Systems,International Journal of Accounting Information Systems,International Journal of Accounting Information Systems,Elsevier Ltd,"['1467-0895', '1873-4723']",A
IMA Educational Case Journal,IMA Educational Case Journal,IMA Educational Case Journal,Institute of Management Accountants,['1940-204X'],C
Advances in Accounting Education: teaching and curriculum innovations,Advances in accounting education: teaching and curriculum innovations,Advances in Accounting Education,Emerald Publishing Limited,['1085-4622'],C
Strategic Finance,Strategic Finance,Strategic Finance,Institute of Management Accountants,['1524-833X'],
International Journal of Hospitality Management,International Journal of Hospitality Management,International Journal of Hospitality Management,Elsevier Ltd,"['0278-4319', '1873-4693']",A*
Cornell Hospitality Quarterly,Cornell Hospitality Quarterly,Cornell Hospitality Quarterly,"Sage Publications, Inc.","['1938-9655', '1938-9663']",A
Advances in Management Accounting,Advances in Management Accounting,Advances in Management Accounting,Emerald Publishing Limited,['1474-7871'],A
International Journal of Hospitality and Tourism Administration,International Journal of Hospitality and Tourism Administration,International Journal of Hospitality and Tourism Administration,Routledge,"['1525-6480', '1525-6499']",B
Journal of Hospitality and Tourism Management,Journal of Hospitality and Tourism Management,Journal of Hospitality and Tourism Management,Elsevier Ltd,"['1447-6770', '1839-5260']",A*
Sport Management Review,Sport Management Review,Sport Management Review,Taylor & Francis,"['1441-3523', '1839-2083']",A
Advances in Accounting Behavioral Research,Advances in Accounting Behavioral Research,Advances in Accounting Behavioral Research,Emerald Publishing Limited,['1475-1488'],A
Journal of Hotel & Business Management,Journal of Hotel & Business Management,Journal of Hotel & Business Management,Longdom Group SA,['2169-0286'],
Qualitative Research in Accounting and Management,Qualitative Research in Accounting and Management,Qualitative Research in Accounting & Management,Emerald Publishing Limited,"['1176-6093', '1758-7654']",A
Journal of Hospitality and Tourism Research,Journal of Hospitality and Tourism Research,Journal of Hospitality & Tourism Research,"Sage Publications, Inc.",['1096-3480'],A
Journal of Accounting & Organizational Change,Journal of Accounting and Organizational Change,Journal of Accounting & Organizational Change,Emerald Publishing Limited,"['1832-5912', '1839-5473']",B
Management Accounting Research,Management Accounting Research,Management Accounting Research,Academic Press,"['1044-5005', '1096-1224']",A*
Australian Business Law Review,Australian Business Law Review,Australian Business Law Review,Lawbook Co.,['0310-1053'],A
Auditing: A Journal of Practice and Theory,Auditing - A Journal of Practice and Theory,Auditing,American Accounting Association,"['0278-0380', '1558-7991']",A*
Journal of Accounting and Economics,Journal of Accounting and Economics,Journal of Accounting and Economics,Elsevier BV,['0165-4101'],A*
Pacific Asia Conference on Information Systems,Pacific Asia Conference on Information Systems,,,['2689-6354'],
BMJ Leader,BMJ Leader,BMJ Leader,B M J Group,['2398-631X'],
Collegian,Collegian,Collegian,Elsevier BV,"['1322-7696', '1876-7575']",
Asia Pacific Journal of Health Management,Asia Pacific Journal of Health Management,Asia Pacific Journal of Health Management,ACHSM ,"['2204-3136', '1833-3818']",C
Accounting Education,Accounting Education,Accounting Education,Routledge,"['0963-9284', '1468-4489']",A
Research in the Sociology of Organizations,Research in the Sociology of Organizations,Research in the Sociology of Organizations,Emerald Publishing Limited,['0733-558X'],B
The Practice Manager,The Practice Manager,,,[],
The Practice Manager Journal,The Practice Manager Journal,,,[],
Business Horizons,Business Horizons,Business Horizons,Elsevier Inc.,"['0007-6813', '1873-6068']",B
Computers and Security,Computers and Security,Computers & Security,Elsevier Advanced Technology,"['0167-4048', '1872-6208']",
Journal of Management Control,Journal of Management Control,Journal of Management Control,Springer,"['2191-4761', '2191-477X']",A
Journal of Cybersecurity,Journal of Cybersecurity,Journal of Cybersecurity,Oxford University Press,"['2057-2085', '2057-2093']",
ISACA journal,ISACA journal,ISACA Journal: the source of I T governance professionals,Information Systems Audit & Control Association (I S A C A),"['1944-1967', '1944-1975']",
Australasian Journal of Information Systems,Australasian Journal of Information Systems,Australasian Journal of Information Systems,Australasian Association for Information Systems,"['1326-2238', '1449-8618']",A
Internal Auditor,Internal Auditor,Internal Auditor,"Institute of Internal Auditors, Inc.",['0020-5745'],
International Journal of Auditing,International Journal of Auditing,International Journal of Auditing,Wiley-Blackwell Publishing Ltd.,"['1090-6738', '1099-1123']",A
ISACA Journal,ISACA Journal,ISACA Journal: the source of I T governance professionals,Information Systems Audit & Control Association (I S A C A),"['1526-7407', '1944-1967', '1944-1975']",
Safety Science,Safety Science,Safety Science,Elsevier BV,['0925-7535'],A
Journal of Organizational Computing and Electronic Commerce,Journal of Organizational Computing and Electronic Commerce,Journal of Organizational Computing and Electronic Commerce,Taylor & Francis Inc.,"['1091-9392', '1532-7744']",A
Behavioral Research in Accounting,Behavioral Research in Accounting,Behavioral Research in Accounting,American Accounting Association,"['1050-4753', '1558-8009']",A
Frontiers in Psychology,Frontiers in Psychology,Frontiers in Psychology,Frontiers Research Foundation,['1664-1078'],
Economic and Business Review,Economic and Business Review: for Central and South-Eastern Europe,Economic and Business Review,University of Ljubljana,['1580-0466'],C
Journal of Management and Governance,Journal of Management & Governance,Journal of Management & Governance,Springer New York LLC,"['1385-3457', '1572-963X']",C
Journal of Business Economics and Management,Journal of Business Economics and Management,Journal of Business Economics and Management,Vilniaus Gedimino Technikos Universitetas * Leidykla Technika,"['1611-1699', '2029-4433']",B
Bančni vestnik (The Banking Journal),Bančni vestnik (The Banking Journal),Bancni Vestnik,"Zdruzenje Bank Slovenije,Bank Association of Slovenia",['0005-4631'],
Revizor: revija o reviziji,Revizor: revija o reviziji,,,['0353-7935'],
International Journal of Human Resource Management,International Journal of Human Resource Management,The International Journal of Human Resource Management,Routledge,"['0958-5192', '1466-4399']",A
Revizor: Revija o reviziji,Revizor: Revija o reviziji,,,['0353-7935'],
Gozdarski vestnik,Gozdarski vestnik,Gozdarski Vestnik,Zveza Gozdarskih Drustev Slovenije,['0017-2723'],
Management Control & Accounting,Management Control & Accounting,Management Control en Accounting,Vakmedianet,['1386-3452'],
Management Executive,Management Executive,Management Executive,Vakmedianet,['1571-862X'],
"Organizacija : revija za management, informatiko in kadre","Organizacija : revija za management, informatiko in kadre",Organizacija,"Univerza v Mariboru * Fakulteta za Organizacijske Vede,University of Maribor, School of Organizational Science",['1318-5454'],
Revue internationale de sociologie,Revue internationale de sociologie,International Review of Sociology,Routledge,"['0390-6701', '1469-9273']",
Računovodstvo i financije,Računovodstvo i financije,Racunovodstvo i Financije,Hrvatska Zajednica Racunovoda i Financijskih Djelatnika,['0350-4506'],
Journal of International Business Studies,Journal of International Business Studies,Journal of International Business Studies,Palgrave Macmillan Ltd.,"['1478-6990', '0047-2506']",A*
Asian Review of Accounting,Asian Review of Accounting,Asian Review of Accounting,Emerald Publishing Limited,['1321-7348'],
The Journal of Law and Economics,Journal of Law and Economics,The Journal of Law and Economics,University of Chicago Press,"['0022-2186', '1537-5285']",A*
Business Ethics Quarterly,Business Ethics Quarterly,Business Ethics Quarterly,Cambridge University Press,['1052-150X'],A
International Journal of Management Accounting Research,International Journal of Management Accounting Research,,,['2163-3843'],
Business Strategy and the Environment,Business Strategy and the Environment,Business Strategy and the Environment,John Wiley & Sons Ltd.,"['0964-4733', '1099-0836']",A
China Accounting and Finance Review,China Accounting and Finance Review,China Accounting and Finance Review,Emerald Publishing,['2307-3055'],A
Journal of Applied Accounting Research,Journal of Applied Accounting Research,Journal of Applied Accounting Research,Emerald Publishing Limited,['0967-5426'],B
Academy of Management. Annual Meeting Proceedings,Academy of Management. Annual Meeting Proceedings,Academy of Management. Annual Meeting Proceedings,Academy of Management,"['0065-0668', '2151-6561']",
Journal of Environmental Management,Journal of Environmental Management,Journal of Environmental Management,Elsevier BV,['0301-4797'],
"Sustainability Accounting, Management and Policy Journal","Sustainability Accounting, Management and Policy Journal","Sustainability Accounting, Management and Policy Journal",Emerald Publishing Limited,"['2040-8021', '2040-803X']",A
Asia Pacific Journal of Management,Asia Pacific Journal of Management,Asia Pacific Journal of Management,Springer New York LLC,"['0217-4561', '1572-9958']",A
Energy Economics,Energy Economics,Energy Economics,Elsevier BV,"['0140-9883', '1873-6181']",A*
Applied Economics Letters,Applied Economics Letters,Applied Economics Letters,Routledge,"['1350-4851', '1466-4291']",B
Journal of Intellectual Capital,Journal of Intellectual Capital,Journal of Intellectual Capital,Emerald Publishing Limited,"['1469-1930', '1758-7468']",B
Academy of Management Proceedings,Academy of Management Proceedings,Academy of Management. Annual Meeting Proceedings,Academy of Management,"['0065-0668', '2151-6561']",
Emerald Emerging Markets Case Studies,Emerald Emerging Markets Case Studies,,,['2045-0621'],
Social Responsibility Journal,Social Responsibility Journal,Social Responsibility Journal,Emerald Publishing Limited,"['1747-1117', '1758-857X']",B
Measuring Business Excellence,Measuring Business Excellence,Measuring Business Excellence,Emerald Publishing Limited,"['1368-3047', '1758-8057']",B
