university,name,job_title,academic_level,level_code,h_index,field_of_research,profile_url
Adelaide University,Kent Wilson,,,,,Accounting & Finance,https://adelaide.edu.au/people/kent.wilson
Adelaide University,Heather Prider,"Lecturer, Accounting",Lecturer,B,,Accounting & Finance,https://adelaide.edu.au/people/heather.prider
Adelaide University,Chris Kandunias,"Senior Lecturer, Accounting",Senior Lecturer,C,1,Accounting & Finance,https://adelaide.edu.au/people/chris.kandunias
Adelaide University,Jessica Yi,"Lecturer, Accounting",Lecturer,B,84,Accounting & Finance,https://adelaide.edu.au/people/jessica.yi
Adelaide University,Daffa Prayudya,,,,2,Accounting & Finance,https://adelaide.edu.au/people/d.prayudya
Adelaide University,Saira Saqib,,,,,Accounting & Finance,https://adelaide.edu.au/people/saira.saqib
Adelaide University,Greg Lucas,Lecturer B,Lecturer,B,,Accounting & Finance,https://adelaide.edu.au/people/greg.lucas
Adelaide University,Youngnae Jun,,,,0,Accounting & Finance,https://adelaide.edu.au/people/youngnae.jun
Adelaide University,John Christie,"Lecturer, Finance",Lecturer,B,16,Accounting & Finance,https://adelaide.edu.au/people/john.christie
Adelaide University,Scott Copeland,,,,7,Accounting & Finance,https://adelaide.edu.au/people/scott.copeland
Adelaide University,Hasni Gunasekara,,,,1,Accounting & Finance,https://adelaide.edu.au/people/hasni.gunasekara
Adelaide University,Peter Rossini,Senior Lecturer,Senior Lecturer,C,13,Accounting & Finance,https://adelaide.edu.au/people/peter.rossini
Adelaide University,Prof Lan Snell,,,,,Accounting & Finance,https://adelaide.edu.au/people/lan.snell
Adelaide University,Rob Whait,Senior Lecturer,Senior Lecturer,C,6,Accounting & Finance,https://adelaide.edu.au/people/rob.whait
Adelaide University,Amanpreet Kaur,Senior Lecturer,Senior Lecturer,C,13,Accounting & Finance,https://adelaide.edu.au/people/amanpreet.kaur01
Adelaide University,Prof Tony Cavoli,Professor of International Economics,Professor,E,,Accounting & Finance,https://adelaide.edu.au/people/tony.cavoli
Adelaide University,Prof John Pisaniello,Research Professor,Professor,E,,Accounting & Finance,https://adelaide.edu.au/people/john.pisaniello
Adelaide University,Upekha Atupola,,,,2,Accounting & Finance,https://adelaide.edu.au/people/upekha.atupola
Adelaide University,Dinithi Dissanayake,"Lecturer, Accounting",Lecturer,B,10,Accounting & Finance,https://adelaide.edu.au/people/dinithi.dissanayake
Adelaide University,APrf Sanjaya Kuruppu,Associate Professor of Accounting,Associate Professor,D,12,Accounting & Finance,https://adelaide.edu.au/people/sanjaya.kuruppu
Adelaide University,Prof Sumit Lodhia,Professor,Professor,E,38,Accounting & Finance,https://adelaide.edu.au/people/sumit.lodhia
Adelaide University,Prof Robert Elliott,,,,,Accounting & Finance,https://adelaide.edu.au/people/robert.elliott
Adelaide University,APrf Niro Wellalage,Associate Professor of Finance,Associate Professor,D,24,Accounting & Finance,https://adelaide.edu.au/people/niro.wellalage
Adelaide University,Prof Chandra Krishnamurti,Professor of Finance,Professor,E,25,Accounting & Finance,https://adelaide.edu.au/people/chandra.krishnamurti
Adelaide University,Katherine Christ,Senior Lecturer,Senior Lecturer,C,30,Accounting & Finance,https://adelaide.edu.au/people/katherine.christ
Adelaide University,Belinda Harrison,Lecturer,Lecturer,B,,Accounting & Finance,https://adelaide.edu.au/people/belinda.harrison
Adelaide University,Reza Bradrania,Senior Lecturer,Senior Lecturer,C,7,Accounting & Finance,https://adelaide.edu.au/people/reza.bradrania
Adelaide University,Boram Lee,Senior Lecturer,Senior Lecturer,C,30,Accounting & Finance,https://adelaide.edu.au/people/boram.lee
Adelaide University,Mishkatur Rahman,,,,1,Accounting & Finance,https://adelaide.edu.au/people/mishkatur.rahman
Adelaide University,Hao Zhou,"Lecturer, Finance",Lecturer,B,,Accounting & Finance,https://adelaide.edu.au/people/hao.zhou
Adelaide University,Prof Christine Helliar,,,,,Accounting & Finance,https://adelaide.edu.au/people/christine.helliar
Adelaide University,Amanda Carter,"Lecturer, Accounting",Lecturer,B,,Accounting & Finance,https://adelaide.edu.au/people/amanda.carter
Adelaide University,Mansoor Khan,"Lecturer, Accounting",Lecturer,B,,Accounting & Finance,https://adelaide.edu.au/people/mansoor.khan
Adelaide University,Bin Huang,Research Fellow,Research Fellow,B,16,Accounting & Finance,https://adelaide.edu.au/people/bin.huang
Adelaide University,Prof Susan Freeman,Professor of International Business,Professor,E,,Accounting & Finance,https://adelaide.edu.au/people/susan.freeman
Adelaide University,APrf Kartick Gupta,Associate Professor,Associate Professor,D,,Accounting & Finance,https://adelaide.edu.au/people/kartick.gupta
Adelaide University,APrf Sulette Lombard,Associate Professor,Associate Professor,D,3,Accounting & Finance,https://adelaide.edu.au/people/sulette.lombard
Adelaide University,Prof Joanne Tingey-Holyoak,Associate Professor,Associate Professor,D,,Accounting & Finance,https://adelaide.edu.au/people/joanne.tingey-holyoak
Adelaide University,Prof Lin Crase,"Dean, School of Accounting and Finance",,,,Accounting & Finance,https://adelaide.edu.au/people/lin.crase
Adelaide University,Mingwei Sun,Lecturer,Lecturer,B,4,Accounting & Finance,https://adelaide.edu.au/people/m.sun-0
Adelaide University,Aise Kim,,,,,Accounting & Finance,https://adelaide.edu.au/people/aise.kim
Adelaide University,Sumin Kim,Lecturer,Lecturer,B,9,Accounting & Finance,https://adelaide.edu.au/people/sumin.kim
Adelaide University,Winston Wu,Lecturer,Lecturer,B,15,Accounting & Finance,https://adelaide.edu.au/people/winston.wu
Adelaide University,Subha Parida,"Lecturer, Property",Lecturer,B,6,Accounting & Finance,https://adelaide.edu.au/people/subha.parida
Adelaide University,Kathy Rao,Senior Lecturer,Senior Lecturer,C,9,Accounting & Finance,https://adelaide.edu.au/people/kathy.rao
Adelaide University,Prof Carol Tilt,,,,30,Accounting & Finance,https://adelaide.edu.au/people/carol.tilt
Adelaide University,APrf Glen Lehman,,,,,Accounting & Finance,https://adelaide.edu.au/people/glen.lehman
Adelaide University,Sergio Sarmiento Cortes,,,,6,Accounting & Finance,https://adelaide.edu.au/people/sergio.sarmientocortes
Adelaide University,Guodong Yuan,Senior Lecturer and Online Course Facilitator,Senior Lecturer,C,4,Accounting & Finance,https://adelaide.edu.au/people/guodong.yuan
Adelaide University,Braam Lowies,"Senior Lecturer, Property",Senior Lecturer,C,8,Accounting & Finance,https://adelaide.edu.au/people/braam.lowies
Adelaide University,APrf Lei Xu,Associate Professor,Associate Professor,D,25,Accounting & Finance,https://adelaide.edu.au/people/lei.xu
Adelaide University,APrf Howard Harris,,,,,Accounting & Finance,https://adelaide.edu.au/people/howard.harris
Adelaide University,Shiao-Lan Chou,Lecturer,Lecturer,B,,Accounting & Finance,https://adelaide.edu.au/people/shiao-lan.chou
Adelaide University,Basil Tucker,,,,17,Accounting & Finance,https://adelaide.edu.au/people/basil.tucker
Adelaide University,Agus Wicaksana,Lecturer,Lecturer,B,1,Accounting & Finance,https://adelaide.edu.au/people/agus.wicaksana
Adelaide University,Philip Johnson,"Lecturer, Accounting",Lecturer,B,,Accounting & Finance,https://adelaide.edu.au/people/philip.johnson
Adelaide University,Mei Lim,Senior Lecturer,Senior Lecturer,C,,Accounting & Finance,https://adelaide.edu.au/people/mei.lim
Adelaide University,Christa Viljoen,,,,,Accounting & Finance,https://adelaide.edu.au/people/christa.viljoen
Adelaide University,Ron McIver,,,,19,Accounting & Finance,https://adelaide.edu.au/people/ron.mciver
Adelaide University,Lynda McDonald,,,,,Accounting & Finance,https://adelaide.edu.au/people/lynda.mcdonald
Adelaide University,Simon Cottrell,"Senior Lecturer, Finance",Senior Lecturer,C,,Accounting & Finance,https://adelaide.edu.au/people/simon.cottrell
Adelaide University,Courtney Regan,,,,6,Accounting & Finance,https://adelaide.edu.au/people/courtney.regan
Adelaide University,APrf Caroline Ellison,,,,,Accounting & Finance,https://adelaide.edu.au/people/caroline.ellison
Adelaide University,APrf Wei Qian,Associate Professor,Associate Professor,D,,Accounting & Finance,https://adelaide.edu.au/people/wei.qian
Adelaide University,Prof Roger Harris,,,,,Accounting & Finance,https://adelaide.edu.au/people/roger.harris
Adelaide University,Chansik Yoon,Lecturer,Lecturer,B,,Accounting & Finance,https://adelaide.edu.au/people/chansik.yoon
Adelaide University,Kesten Green,Senior Lecturer,Senior Lecturer,C,16,Accounting & Finance,https://adelaide.edu.au/people/kesten.green
Adelaide University,Christoforus Enrico Andriawan,,,,,Accounting & Finance,https://adelaide.edu.au/people/christoforusenrico.andriawan
Adelaide University,Mimi Salminah,,,,8,Accounting & Finance,https://adelaide.edu.au/people/mimi.salminah
Adelaide University,Ruixin Qin,,,,,Accounting & Finance,https://adelaide.edu.au/people/ruixin.qin
Adelaide University,Shimul Chakraborty,,,,,Accounting & Finance,https://adelaide.edu.au/people/shimul.chakraborty
Adelaide University,Daniel Rossetto,,,,5,Accounting & Finance,https://adelaide.edu.au/people/daniel.rossetto
Adelaide University,Agamoni Majumder,,,,3,Accounting & Finance,https://adelaide.edu.au/people/agamoni.majumder
Adelaide University,Ali Fereydooni,,,,6,Accounting & Finance,https://adelaide.edu.au/people/ali.fereydooni
Adelaide University,Fernanda Nobre,Grant-Funded Research Associate,,,1,Accounting & Finance,https://adelaide.edu.au/people/fernanda.nobre
Adelaide University,Shunji Mei,Lecturer,Lecturer,B,3,Accounting & Finance,https://adelaide.edu.au/people/shunji.mei
Adelaide University,Kevin Li,Associate Professor,Associate Professor,D,7,Accounting & Finance,https://adelaide.edu.au/people/k.li
Adelaide University,Emiliano Carlevaro,Lecturer,Lecturer,B,1,Accounting & Finance,https://adelaide.edu.au/people/emiliano.carlevaro
Adelaide University,Ilker Cingillioglu,Senior Lecturer,Senior Lecturer,C,6,Accounting & Finance,https://adelaide.edu.au/people/ilker.cingillioglu
Adelaide University,Obumneke Muoneke,,,,13,Accounting & Finance,https://adelaide.edu.au/people/obumneke.muoneke
Adelaide University,Daniel Orlovsky,Lecturer,Lecturer,B,,Accounting & Finance,https://adelaide.edu.au/people/daniel.orlovsky
Adelaide University,Md Afnan Hossain,Senior Lecturer,Senior Lecturer,C,21,Accounting & Finance,https://adelaide.edu.au/people/mdafnan.hossain
Adelaide University,Zhiruo Zhang,,,,,Accounting & Finance,https://adelaide.edu.au/people/zhiruo.zhang
Adelaide University,Dannie Carr Quiros,,,,1,Accounting & Finance,https://adelaide.edu.au/people/dannie.carrquiros
Adelaide University,Xiaopeng Wei,Lecturer,Lecturer,B,9,Accounting & Finance,https://adelaide.edu.au/people/xiaopeng.wei
Adelaide University,Marta Khomyn,Senior Lecturer,Senior Lecturer,C,4,Accounting & Finance,https://adelaide.edu.au/people/marta.khomyn
Adelaide University,Nicholas Marzohl,,,,,Accounting & Finance,https://adelaide.edu.au/people/nicholas.marzohl
Adelaide University,Lan Phuong Nguyen,Lecturer,Lecturer,B,,Accounting & Finance,https://adelaide.edu.au/people/lanphuong.nguyen
Adelaide University,Pide Lun,Lecturer,Lecturer,B,2,Accounting & Finance,https://adelaide.edu.au/people/pide.lun
Adelaide University,Ardalan Marandi Alamdari,,,,2,Accounting & Finance,https://adelaide.edu.au/people/ardalan.marandialamdari
Adelaide University,Sunze Yu,,,,5,Accounting & Finance,https://adelaide.edu.au/people/sunze.yu
Adelaide University,Yunyan Zhang,Senior Lecturer,Senior Lecturer,C,3,Accounting & Finance,https://adelaide.edu.au/people/yunyan.zhang
Adelaide University,APrf Ivan Indriawan,Senior Lecturer,Senior Lecturer,C,14,Accounting & Finance,https://adelaide.edu.au/people/ivan.indriawan
Adelaide University,George Mihaylov,Senior Lecturer,Senior Lecturer,C,5,Accounting & Finance,https://adelaide.edu.au/people/george.mihaylov
Adelaide University,Cassidy Shaw,,,,2,Accounting & Finance,https://adelaide.edu.au/people/cassidy.shaw
Adelaide University,Gary Bowman,Associate Professor,Associate Professor,D,10,Accounting & Finance,https://adelaide.edu.au/people/g.bowman
Adelaide University,Grace Tulysewski,,,,1,Accounting & Finance,https://adelaide.edu.au/people/grace.tulysewski
Adelaide University,Jie Liang,,,,3,Accounting & Finance,https://adelaide.edu.au/people/jie.liang02
Adelaide University,Gary He,,,,0,Accounting & Finance,https://adelaide.edu.au/people/gary.he
Adelaide University,Mahmud Masum,,,,3,Accounting & Finance,https://adelaide.edu.au/people/mahmud.masum
Adelaide University,APrf Chelsea Liu,Associate Professor,Associate Professor,D,14,Accounting & Finance,https://adelaide.edu.au/people/chelsea.liu
Adelaide University,Gary Tan,Lecturer,Lecturer,B,,Accounting & Finance,https://adelaide.edu.au/people/gary.tan
Adelaide University,Tariq Haque,,,,,Accounting & Finance,https://adelaide.edu.au/people/tariq.haque
Adelaide University,APrf Max Bessell,,,,,Accounting & Finance,https://adelaide.edu.au/people/max.bessell
Adelaide University,Lisa Powell,Senior Lecturer,Senior Lecturer,C,,Accounting & Finance,https://adelaide.edu.au/people/lisa.powell
Adelaide University,Su Kim,Lecturer,Lecturer,B,,Accounting & Finance,https://adelaide.edu.au/people/su.kim
Adelaide University,APrf Chee Cheong,Associate Professor,Associate Professor,D,,Accounting & Finance,https://adelaide.edu.au/people/chee.cheong
Adelaide University,Prof Paul Coram,Professor,Professor,E,20,Accounting & Finance,https://adelaide.edu.au/people/paul.coram
Adelaide University,Prof Ralf Zurbrugg,Professor of Finance,Professor,E,,Accounting & Finance,https://adelaide.edu.au/people/ralf.zurbrugg
Adelaide University,Limin Xu,Senior Lecturer,Senior Lecturer,C,13,Accounting & Finance,https://adelaide.edu.au/people/limin.xu
Adelaide University,Lingyu Kong,Lecturer,Lecturer,B,3,Accounting & Finance,https://adelaide.edu.au/people/lingyu.kong
Adelaide University,Prof Volker Hessel,Professor,Professor,E,,Accounting & Finance,https://adelaide.edu.au/people/volker.hessel
Adelaide University,Sabine Schuhrer,,,,2,Accounting & Finance,https://adelaide.edu.au/people/sabine.schuhrer
Adelaide University,Tracey Dodd,Senior Lecturer,Senior Lecturer,C,9,Accounting & Finance,https://adelaide.edu.au/people/tracey.dodd
Adelaide University,Jane Luo,,,,6,Accounting & Finance,https://adelaide.edu.au/people/jane.luo
Adelaide University,APrf Bryan Howieson,,,,18,Accounting & Finance,https://adelaide.edu.au/people/bryan.howieson
Adelaide University,Abdallah Salem,Senior Lecturer,Senior Lecturer,C,,Accounting & Finance,https://adelaide.edu.au/people/abdallah.salem
Adelaide University,Prof Chris Leishman,Professor of Property and Housing Economics,Professor,E,26,Accounting & Finance,https://adelaide.edu.au/people/chris.leishman
Adelaide University,Prof Arvid Hoffmann,Professor of Marketing,Professor,E,30,Accounting & Finance,https://adelaide.edu.au/people/arvid.hoffmann
Adelaide University,Prof Indrit Troshani,Professor,Professor,E,32,Accounting & Finance,https://adelaide.edu.au/people/indrit.troshani
Adelaide University,Florian Ploeckl,Senior Lecturer,Senior Lecturer,C,10,Accounting & Finance,https://adelaide.edu.au/people/florian.ploeckl
Adelaide University,APrf Steve Goodman,Associate Professor,Associate Professor,D,26,Accounting & Finance,https://adelaide.edu.au/people/steve.goodman
Adelaide University,Prof Jian Zuo,Professor,Professor,E,,Accounting & Finance,https://adelaide.edu.au/people/jian.zuo
Adelaide University,Prof Alfred Yawson,Professor of Corporate Finance,Professor,E,20,Accounting & Finance,https://adelaide.edu.au/people/alfred.yawson
Adelaide University,Wenxiao Wang,"Lecturer, Economics",Lecturer,B,7,Accounting & Finance,https://adelaide.edu.au/people/wenxiao.wang
Adelaide University,APrf Sylvia Villios,Associate Professor,Associate Professor,D,3,Accounting & Finance,https://adelaide.edu.au/people/sylvia.villios
Adelaide University,Prof Firmin Doko Tchatoka,Professor,Professor,E,9,Accounting & Finance,https://adelaide.edu.au/people/firmin.dokotchatoka
Adelaide University,APrf Sigitas Karpavicius,,,,11,Accounting & Finance,https://adelaide.edu.au/people/sigitas.karpavicius
Adelaide University,Belen Blanco Pelaez,,,,10,Accounting & Finance,https://adelaide.edu.au/people/belen.blancopelaez
