journal_name,journal_canonical,issn,issn_online,issn_scimago,quality_rank,abdc_list_year,abdc_for_code,sjr,sjr_quartile,h_index,cites_per_doc_2y,scimago_categories,impact_factor,impact_factor_5yr,publication_count,abdc_match_type,scimago_match_type,issn_conflict,quality_rank_source,sjr_source,sjr_quartile_source,h_index_source,cites_per_doc_2y_source,impact_factor_source,impact_factor_5yr_source
Accounting and Finance,Accounting and Finance,0810-5391,1467-629X,,A,2025,3501,0.814,Q1,77.0,3.53,"Economics, Econometrics and Finance (miscellaneous) (Q1); Accounting (Q2); Finance (Q2)",2.6,3.6,24,issn,issn,,,,,,,clarivate_jif_csv_by_issn,clarivate_jif_csv_by_issn
Australian Journal of Management,Australian Journal of Management,0312-8962,1327-2020,,A,2025,3502,0.778,Q1,57.0,3.96,"Business, Management and Accounting (miscellaneous) (Q1)",3.1,5.0,14,issn,issn,,,,,,,clarivate_jif_csv_by_issn,clarivate_jif_csv_by_issn
Pacific-Basin Finance Journal,Pacific-Basin Finance Journal,0927-538X,1879-0585,,A,2025,3502,1.322,Q1,92.0,6.12,Economics and Econometrics (Q1); Finance (Q1),5.4,5.6,14,title,title,,,,,,,clarivate_jif_csv_by_issn,clarivate_jif_csv_by_issn
European Accounting Review,The European Accounting Review,0963-8180,1468-4497,,A*,2025,3501,2.272,Q1,98.0,6.0,"Accounting (Q1); Aerospace Engineering (Q1); Arts and Humanities (miscellaneous) (Q1); Automotive Engineering (Q1); Business and International Management (Q1); Business, Management and Accounting (miscellaneous) (Q1); Economics and Econometrics (Q1); Economics, Econometrics and Finance (miscellaneous) (Q1); Finance (Q1); History (Q1)",2.2,4.8,12,issn,issn,,,,,,,clarivate_jif_csv_by_issn,clarivate_jif_csv_by_issn
Accounting & Finance,Accounting and Finance,0810-5391,1467-629X,,A,2025,3501,0.814,Q1,77.0,3.53,"Economics, Econometrics and Finance (miscellaneous) (Q1); Accounting (Q2); Finance (Q2)",2.6,3.6,10,issn,issn,,,,,,,clarivate_jif_csv_by_issn,clarivate_jif_csv_by_issn
Auditing: A Journal of Practice and Theory,Auditing: A Journal of Practice and Theory,0278-0380,1558-7991,,A*,2025,3501,2.32,Q1,111.0,4.48,Accounting (Q1); Economics and Econometrics (Q1); Finance (Q1),3.7,4.1,7,title,title-variant,,,,,,,clarivate_jif_csv_by_issn,clarivate_jif_csv_by_issn
Australian Accounting Review,Australian Accounting Review,1035-6908,1835-2561,,B,2025,3501,0.702,Q2,54.0,3.1,Accounting (Q2),2.8,3.1,7,title,title,,,,,,,clarivate_jif_csv_by_issn,clarivate_jif_csv_by_issn
Journal of Business Finance and Accounting,Journal of Business Finance & Accounting,0306-686X,1468-5957,,A*,2025,3501,1.202,Q1,102.0,3.81,"Accounting (Q1); Business, Management and Accounting (miscellaneous) (Q1); Finance (Q1)",2.6,3.5,7,issn,issn,,,,,,,clarivate_jif_csv_by_issn,clarivate_jif_csv_by_issn
Journal of Business Ethics,Journal of Business Ethics,0167-4544,1573-0697,,A,2025,3507,3.138,Q1,304.0,10.35,"Arts and Humanities (miscellaneous) (Q1); Business and International Management (Q1); Business, Management and Accounting (miscellaneous) (Q1); Economics and Econometrics (Q1); Law (Q1)",6.3,9.7,6,issn,issn,,,,,,,clarivate_jif_csv_by_issn,clarivate_jif_csv_by_issn
Abacus,Abacus,0001-3072,1467-6281,,A,2025,3501,0.762,Q2,60.0,3.2,Accounting (Q2),1.7,2.8,5,issn,issn,,,,,,,clarivate_jif_csv_by_issn,clarivate_jif_csv_by_issn
Auditing: A Journal of Practice & Theory,Auditing: A Journal of Practice and Theory,0278-0380,1558-7991,,A*,2025,3501,2.32,Q1,111.0,4.48,Accounting (Q1); Economics and Econometrics (Q1); Finance (Q1),3.7,4.1,5,issn,issn,,,,,,,clarivate_jif_csv_by_issn,clarivate_jif_csv_by_issn
The British Accounting Review,British Accounting Review,0890-8389,1095-8347,,A*,2025,3501,1.705,Q1,100.0,8.33,Accounting (Q1),8.0,8.5,5,issn,issn,,,,,,,clarivate_jif_csv_by_issn,clarivate_jif_csv_by_issn
Australian Tax Forum,Australian Tax Forum,0812-695X,,,A*,2025,4801,,,,,,,,4,title,,,,,,,,,
Information Systems Research,Information Systems Research,1047-7047,1526-5536,,A*,2025,4609,5.679,Q1,203.0,11.02,Computer Networks and Communications (Q1); Information Systems (Q1); Information Systems and Management (Q1); Library and Information Sciences (Q1); Management Information Systems (Q1),7.8,9.9,4,title,title,,,,,,,clarivate_jif_csv_by_issn,clarivate_jif_csv_by_issn
International Journal of Auditing,International Journal of Auditing,1090-6738,1099-1123,,A,2025,3501,0.681,Q1,42.0,3.19,"Economics, Econometrics and Finance (miscellaneous) (Q1); Accounting (Q2)",2.7,3.1,4,issn,issn,,,,,,,clarivate_jif_csv_by_issn,clarivate_jif_csv_by_issn
Asia Pacific Journal of Management,Asia Pacific Journal of Management,0217-4561,1572-9958,,A,2025,3507,1.297,Q1,105.0,6.27,"Business and International Management (Q1); Economics, Econometrics and Finance (miscellaneous) (Q1); Strategy and Management (Q1)",9.7,7.5,3,title,title,,,,,,,clarivate_jif_csv_by_issn,clarivate_jif_csv_by_issn
Contemporary Accounting Research,Contemporary Accounting Research,0823-9150,1911-3846,,A*,2025,3501,3.686,Q1,141.0,6.37,Accounting (Q1); Economics and Econometrics (Q1); Finance (Q1),4.9,6.8,3,issn,issn,,,,,,,clarivate_jif_csv_by_issn,clarivate_jif_csv_by_issn
European Financial Management,European Financial Management,1354-7798,1468-036X,,A,2025,3502,1.188,Q1,82.0,5.58,"Accounting (Q1); Economics, Econometrics and Finance (miscellaneous) (Q1)",4.2,4.1,3,title,title,,,,,,,clarivate_jif_csv_by_issn,clarivate_jif_csv_by_issn
Financial Accountability & Management,Financial Accountability and Management,0267-4424,1468-0408,,A,2025,3501,1.136,Q1,58.0,4.33,"Business, Management and Accounting (miscellaneous) (Q1); Economics, Econometrics and Finance (miscellaneous) (Q1)",2.3,3.7,3,title,title,,,,,,,clarivate_jif_csv_by_issn,clarivate_jif_csv_by_issn
International Review of Finance,International Review of Finance,1369-412X,1468-2443,,A,2025,3502,0.636,Q2,35.0,2.96,Economics and Econometrics (Q2); Finance (Q2),2.3,2.2,3,issn,issn,,,,,,,clarivate_jif_csv_by_issn,clarivate_jif_csv_by_issn
Journal of Business Finance & Accounting,Journal of Business Finance & Accounting,0306-686X,1468-5957,,A*,2025,3501,1.202,Q1,102.0,3.81,"Accounting (Q1); Business, Management and Accounting (miscellaneous) (Q1); Finance (Q1)",2.6,3.5,3,issn,issn,,,,,,,clarivate_jif_csv_by_issn,clarivate_jif_csv_by_issn
Journal of Corporate Finance,Journal of Corporate Finance,0929-1199,1872-6313,,A*,2025,3502,2.706,Q1,166.0,7.97,Business and International Management (Q1); Economics and Econometrics (Q1); Finance (Q1); Strategy and Management (Q1),6.9,10.5,3,issn,issn,,,,,,,clarivate_jif_csv_by_issn,clarivate_jif_csv_by_issn
Journal of Empirical Finance,Journal of Empirical Finance,0927-5398,1879-1727,,A,2025,3502,1.139,Q1,101.0,3.05,Economics and Econometrics (Q1); Finance (Q1),2.5,2.6,3,title,title,,,,,,,clarivate_jif_csv_by_issn,clarivate_jif_csv_by_issn
Journal of Financial Markets,Journal of Financial Markets,1386-4181,1878-576X,,A*,2025,3502,1.544,Q1,77.0,2.7,Economics and Econometrics (Q1); Finance (Q1),2.5,2.5,3,title,title,,,,,,,clarivate_jif_csv_by_issn,clarivate_jif_csv_by_issn
MIS Quarterly,MIS Quarterly,0276-7783,2162-9730,,A*,2025,4609,4.061,Q1,294.0,7.96,Computer Science Applications (Q1); Information Systems (Q1); Information Systems and Management (Q1); Management Information Systems (Q1),7.3,11.9,3,title,prefix,,,,,,,clarivate_jif_csv_by_issn,clarivate_jif_csv_by_issn
The Accounting Review,The Accounting Review,0001-4826,1558-7967,,A*,2025,3501,4.403,Q1,217.0,3.71,Accounting (Q1); Economics and Econometrics (Q1); Finance (Q1),4.0,7.2,3,issn,issn,,,,,,,clarivate_jif_csv_by_issn,clarivate_jif_csv_by_issn
The International Journal of Accounting,The International Journal of Accounting,0020-7063,2213-3933,,A,2025,3501,0.436,Q2,75.0,1.71,Finance (Q2); Accounting (Q3),2.2,2.4,3,title,title,,,,,,,clarivate_jif_csv_by_issn,clarivate_jif_csv_by_issn
Accounting and Business Research,Accounting and Business Research,0001-4788,2159-4260,,A,2025,3501,1.065,Q1,77.0,3.62,Accounting (Q1); Finance (Q1),2.5,3.0,2,issn,issn,,,,,,,clarivate_jif_csv_by_issn,clarivate_jif_csv_by_issn
Accounting Forum,Accounting Forum,0155-9982,1467-6303,,A,2025,3501,1.087,Q1,70.0,5.81,Accounting (Q1); Finance (Q1),4.1,4.3,2,title,title,,,,,,,clarivate_jif_csv_by_issn,clarivate_jif_csv_by_issn
Accounting Research Journal,Accounting Research Journal,1030-9616,,,B,2025,3501,0.62,Q2,37.0,5.11,Accounting (Q2); Finance (Q2),3.3,3.0,2,issn,issn,,,,,,,clarivate_jif_csv_by_issn,clarivate_jif_csv_by_issn
"Accounting, Accountability & Performance",Accounting Accountability and Performance,1445-954X,,,C,2025,3501,,,,,,,,2,title,,,,,,,,,
Decision Support Systems,Decision Support Systems,0167-9236,1873-5797,,A*,2025,4609,2.079,Q1,203.0,9.06,Arts and Humanities (miscellaneous) (Q1); Developmental and Educational Psychology (Q1); Information Systems (Q1); Information Systems and Management (Q1); Management Information Systems (Q1),7.5,8.2,2,title,title,,,,,,,clarivate_jif_csv_by_issn,clarivate_jif_csv_by_issn
Encyclopedia of Business and Professional Ethics,,,,,none,2025,,,,,,,,,2,,,,,,,,,,
International Journal of Accounting,The International Journal of Accounting,0020-7063,2213-3933,,A,2025,3501,0.436,Q2,75.0,1.71,Finance (Q2); Accounting (Q3),2.2,2.4,2,title,title,,,,,,,clarivate_jif_csv_by_issn,clarivate_jif_csv_by_issn
International Review of Economics & Finance,International Review of Economics & Finance,1059-0560,1873-8036,,A,2025,3502,1.485,Q1,101.0,8.27,Economics and Econometrics (Q1); Finance (Q1),7.6,6.8,2,issn,issn,,,,,,,clarivate_jif_csv_by_issn,clarivate_jif_csv_by_issn
Journal of Accounting and Economics,Journal of Accounting and Economics,0165-4101,,,A*,2025,3501,8.748,Q1,207.0,8.48,Accounting (Q1); Economics and Econometrics (Q1); Finance (Q1),7.8,10.3,2,title,title,,,,,,,clarivate_jif_csv_by_issn,clarivate_jif_csv_by_issn
"Journal of Accounting, Auditing & Finance",Journal of Accounting Auditing and Finance,0148-558X,2160-4061,,A,2025,3501,0.965,Q1,68.0,1.91,"Economics, Econometrics and Finance (miscellaneous) (Q1); Finance (Q1); Accounting (Q2)",1.3,2.1,2,issn,issn,,,,,,,clarivate_jif_csv_by_issn,clarivate_jif_csv_by_issn
Journal of Business Research,Journal of Business Research,0148-2963,1873-7978,,A,2025,3506,3.498,Q1,322.0,15.01,Business and International Management (Q1); Management of Technology and Innovation (Q1); Marketing (Q1); Organizational Behavior and Human Resource Management (Q1); Strategy and Management (Q1),11.1,14.0,2,issn,issn,,,,,,,clarivate_jif_csv_by_issn,clarivate_jif_csv_by_issn
Journal of Consumer Affairs,Journal of Consumer Affairs,0022-0078,1745-6606,,A,2025,3506,1.043,Q1,83.0,4.28,"Economics, Econometrics and Finance (miscellaneous) (Q1); Sociology and Political Science (Q1)",3.4,3.5,2,title,title,,,,,,,clarivate_jif_csv_by_issn,clarivate_jif_csv_by_issn
Journal of Financial and Quantitative Analysis,Journal of Financial and Quantitative Analysis,0022-1090,1756-6916,,A*,2025,3502,4.404,Q1,164.0,4.15,Accounting (Q1); Economics and Econometrics (Q1); Finance (Q1),4.1,5.3,2,title,title,,,,,,,clarivate_jif_csv_by_issn,clarivate_jif_csv_by_issn
Journal of Fixed Income,The Journal of Fixed Income,1059-8596,,,A,2025,3502,0.611,Q2,18.0,0.23,Economics and Econometrics (Q2); Finance (Q2),,,2,title,title,,,,,,,,
Journal of Management Control,Journal of Management Control,2191-4761,2191-477X,,A,2025,3501,0.922,Q1,37.0,4.4,Management Information Systems (Q1); Management Science and Operations Research (Q1); Accounting (Q2); Management of Technology and Innovation (Q2); Strategy and Management (Q2),3.4,5.0,2,title,title,,,,,,,clarivate_jif_csv_by_issn,clarivate_jif_csv_by_issn
Journal of Monetary Economics,Journal of Monetary Economics,0304-3932,1873-1295,,A*,2025,3801,6.262,Q1,165.0,3.61,Economics and Econometrics (Q1); Finance (Q1),4.1,5.5,2,title,title,,,,,,,clarivate_jif_csv_by_issn,clarivate_jif_csv_by_issn
Management Accounting Research,Management Accounting Research,1044-5005,1096-1224,,A*,2025,3501,1.625,Q1,109.0,5.19,Accounting (Q1); Finance (Q1); Information Systems and Management (Q1),4.5,5.6,2,issn,issn,,,,,,,clarivate_jif_csv_by_issn,clarivate_jif_csv_by_issn
Meditari Accountancy Research,Meditari Accountancy Research,2049-372X,2049-3738,,A,2025,3501,0.974,Q1,59.0,5.94,"Economics, Econometrics and Finance (miscellaneous) (Q1); Accounting (Q2)",3.8,5.4,2,issn,issn,,,,,,,clarivate_jif_csv_by_issn,clarivate_jif_csv_by_issn
Pacific Accounting Review,Pacific Accounting Review,0114-0582,2041-5494,,B,2025,3501,0.521,Q2,40.0,2.84,Accounting (Q2); Finance (Q2),2.1,2.3,2,title,title,,,,,,,clarivate_jif_csv_by_issn,clarivate_jif_csv_by_issn
Research Policy,Research Policy,0048-7333,1873-7625,,A*,2025,3507,4.471,Q1,318.0,10.7,Engineering (miscellaneous) (Q1); Management of Technology and Innovation (Q1); Management Science and Operations Research (Q1); Strategy and Management (Q1),8.9,11.4,2,title,title,,,,,,,clarivate_jif_csv_by_issn,clarivate_jif_csv_by_issn
Review of Finance,Review of Finance,1572-3097,1573-692X,,A*,2025,3502,9.87,Q1,91.0,7.62,Accounting (Q1); Economics and Econometrics (Q1); Finance (Q1),7.2,10.4,2,title,title,,,,,,,clarivate_jif_csv_by_issn,clarivate_jif_csv_by_issn
Accountants Digest,,,,,none,2025,,,,,,,,,1,,,,,,,,,,
Accounting,,,,,none,2025,,,,,,,,,1,,,,,,,,,,
Accounting & Business Research,Accounting and Business Research,0001-4788,2159-4260,,A,2025,3501,1.065,Q1,77.0,3.62,Accounting (Q1); Finance (Q1),2.5,3.0,1,title,title,,,,,,,clarivate_jif_csv_by_issn,clarivate_jif_csv_by_issn
Accounting and Finance 59:599-632 (ABDC: A),,,,,none,2025,,,,,,,,,1,,,,,,,,,,
Accounting and Finance 62: 2467-2496. (ABDC: A),,,,,none,2025,,,,,,,,,1,,,,,,,,,,
"Accounting and Finance, A Special Issue for Qualitative Accounting Research",,,,,none,2025,,,,,,,,,1,,,,,,,,,,
"Accounting and Finance, forthcoming (ABDC: A)",,,,,none,2025,,,,,,,,,1,,,,,,,,,,
"Accounting, Auditing & Accountability",,,,,none,2025,,,,,,,,,1,,,,,,,,,,
"Accounting, Auditing & Accountability Journal",Accounting Auditing and Accountability Journal,0951-3574,1758-4205,,A*,2025,3501,1.574,Q1,136.0,4.12,"Accounting (Q1); Economics, Econometrics and Finance (miscellaneous) (Q1)",2.7,5.1,1,title,title,,,,,,,clarivate_jif_csv_by_issn,clarivate_jif_csv_by_issn
"Accounting, Auditing and Accountability Journal",Accounting Auditing and Accountability Journal,0951-3574,1758-4205,,A*,2025,3501,1.574,Q1,136.0,4.12,"Accounting (Q1); Economics, Econometrics and Finance (miscellaneous) (Q1)",2.7,5.1,1,title,title,,,,,,,clarivate_jif_csv_by_issn,clarivate_jif_csv_by_issn
"Accounting, Organizations and Society","Accounting, Organizations and Society",0361-3682,1873-6289,,A*,2025,3501,3.098,Q1,170.0,5.0,Accounting (Q1); Applied Psychology (Q1); Information Systems and Management (Q1); Organizational Behavior and Human Resource Management (Q1); Sociology and Political Science (Q1),4.5,5.7,1,issn,issn,,,,,,,clarivate_jif_csv_by_issn,clarivate_jif_csv_by_issn
Advances in Accounting Behavioral Research,Advances in Accounting Behavioral Research,1475-1488,,,A,2025,3501,,-,15.0,0.44,,,,1,title,,,,,scimago_local_issn_match,scimago_local_issn_match,scimago_local_issn_match,,
Advances in Management Accounting,Advances in Management Accounting,1474-7871,,,A,2025,3501,,-,20.0,1.22,,,,1,title,,,,,scimago_local_issn_match,scimago_local_issn_match,scimago_local_issn_match,,
American Economic Journal: Macroeconomics,American Economic Journal: Macroeconomics,1945-7707,1945-7715,,A*,2025,3801,12.637,Q1,96.0,7.37,"Economics, Econometrics and Finance (miscellaneous) (Q1)",6.9,8.1,1,title,title,,,,,,,clarivate_jif_csv_by_issn,clarivate_jif_csv_by_issn
American Economic Review,The American Economic Review,0002-8282,0065-812X,,A*,2025,3801,23.489,Q1,399.0,9.55,Economics and Econometrics (Q1),9.5,18.5,1,issn,issn,,,,,,,clarivate_jif_csv_by_issn,clarivate_jif_csv_by_issn
and Productivity,,,,,none,2025,,,,,,,,,1,,,,,,,,,,
Auditing,Auditing: A Journal of Practice and Theory,0278-0380,1558-7991,,A*,2025,3501,2.32,Q1,111.0,4.48,Accounting (Q1); Economics and Econometrics (Q1); Finance (Q1),3.7,4.1,1,abdc-prefix,title,,,,,,,clarivate_jif_csv_by_issn,clarivate_jif_csv_by_issn
Auditing: Journal of Practice & Theory,Auditing: A Journal of Practice and Theory,0278-0380,1558-7991,,A*,2025,3501,2.32,Q1,111.0,4.48,Accounting (Q1); Economics and Econometrics (Q1); Finance (Q1),3.7,4.1,1,issn,issn,,,,,,,clarivate_jif_csv_by_issn,clarivate_jif_csv_by_issn
Australian,Australian Accounting Review,1035-6908,1835-2561,,B,2025,3501,0.702,Q2,54.0,3.1,Accounting (Q2),2.8,3.1,1,issn,issn,,,,,,,clarivate_jif_csv_by_issn,clarivate_jif_csv_by_issn
Australian Law Journal,Australian Law Journal,0004-9611,,,A,2025,4801,,,,,,0.2,0.2,1,title,,,,,,,,clarivate_jif_csv_by_issn,clarivate_jif_csv_by_issn
Australian Tax Review,Australian Tax Review,0311-094X,,,A,2025,4801,,,,,,0.1,0.1,1,title,,,,,,,,clarivate_jif_csv_by_issn,clarivate_jif_csv_by_issn
Blueprint for Individual Taxation Reform in a Globalized World,,,,,none,2025,,,,,,,,,1,,,,,,,,,,
"British Accounting Review, Vol. 54, Issue 1, Article 101021",,,,,none,2025,,,,,,,,,1,,,,,,,,,,
Centre for International Finance and Regulation,,,,,none,2025,,,,,,,,,1,,,,,,,,,,
Company and Securities Law Journal,Company and Securities Law Journal,0729-2775,,,A,2025,4801,,,,,,0.1,0.3,1,title,,,,,,,,clarivate_jif_csv_by_issn,clarivate_jif_csv_by_issn
"Contemporary Accounting Research 35: 1067-1101 (ABDC: A*, FT50)",,,,,none,2025,,,,,,,,,1,,,,,,,,,,
Corporate Governance: An International Review,Corporate Governance: an international review,0964-8410,1467-8683,,A,2025,3507,1.992,Q1,120.0,8.85,"Business, Management and Accounting (miscellaneous) (Q1); Management of Technology and Innovation (Q1); Strategy and Management (Q1)",5.4,7.3,1,issn,issn,,,,,,,clarivate_jif_csv_by_issn,clarivate_jif_csv_by_issn
Corporate Social Responsibility and University Governance,,2520-1654,,,none,2025,,,,,,,,,1,,,,,,,,,,
CPA Australia,,,,,none,2025,,,,,,,,,1,,,,,,,,,,
Credit and Banking,,,,,none,2025,,,,,,,,,1,,,,,,,,,,
Critical Finance Review,Critical Finance Review,2164-5744,2164-5760,,A*,2025,3502,6.838,Q1,17.0,1.6,Finance (Q1),1.1,2.0,1,title,title,,,,,,,clarivate_jif_csv_by_issn,clarivate_jif_csv_by_issn
EJournal of Tax Research,eJournal of Tax Research,1448-2398,,,A,2025,4801,0.19,Q4,15.0,0.65,Accounting (Q4); Economics and Econometrics (Q4); Finance (Q4),0.3,0.4,1,title,title,,,,,,,clarivate_jif_csv_by_issn,clarivate_jif_csv_by_issn
European Accounting Review 31:1089-1118,,,,,none,2025,,,,,,,,,1,,,,,,,,,,
Federal Law Review,Federal Law Review,0067-205X,,,A*,2025,4801,0.232,Q3,10.0,0.9,Law (Q3),,,1,title,title,,,,,,,,
Financial Analysts Journal,Financial Analysts Journal,0015-198X,1938-3312,,A,2025,3502,1.425,Q1,99.0,2.64,Accounting (Q1); Economics and Econometrics (Q1); Finance (Q1),2.2,4.2,1,issn,issn,,,,,,,clarivate_jif_csv_by_issn,clarivate_jif_csv_by_issn
Financial Flexibility and Corporate Liquidity Management,,,,,none,2025,,,,,,,,,1,,,,,,,,,,
Financial Management,Financial Management,0046-3892,1755-053X,,A*,2025,3502,3.477,Q1,88.0,9.5,Accounting (Q1); Economics and Econometrics (Q1); Finance (Q1),7.5,5.3,1,title,title,,,,,,,clarivate_jif_csv_by_issn,clarivate_jif_csv_by_issn
"Financial Markets, Institutions & Instruments","Financial Markets, Institutions and Instruments",0963-8008,1468-0416,,A,2025,3502,1.69,Q1,33.0,3.93,"Economics, Econometrics and Finance (miscellaneous) (Q1); Finance (Q1)",,,1,issn,issn,,,,,,,,
Games and Economic Behavior,Games and Economic Behavior,0899-8256,1090-2473,,A*,2025,3803,1.11,Q1,114.0,1.17,Economics and Econometrics (Q1); Finance (Q1),1.1,1.2,1,title,title,,,,,,,clarivate_jif_csv_by_issn,clarivate_jif_csv_by_issn
Global Finance,,,,,none,2025,,,,,,,,,1,,,,,,,,,,
Handbook on Ethics in Finance,,2213-106X,,,none,2025,,,,,,,,,1,,,,,,,,,,
International Journal of Corporate Governance,International Journal of Corporate Governance,1754-3037,1754-3045,,B,2025,4801,,,,,,,,1,issn,,,,,,,,,
International Journal of Management,International Journal of Management,0813-0183,0813-0183,,C,2025,3507,,,,,,,,1,title,,,,,,,,,
International Journal of Managerial Finance,International Journal of Managerial Finance,1743-9132,1758-6569,,A,2025,3502,0.635,Q2,47.0,3.19,"Business, Management and Accounting (miscellaneous) (Q2); Finance (Q2)",2.7,2.7,1,issn,issn,,,,,,,clarivate_jif_csv_by_issn,clarivate_jif_csv_by_issn
Journal of Accounting & Public Policy,Journal of Accounting and Public Policy,0278-4254,1873-2070,,A*,2025,3501,0.97,Q1,104.0,2.74,Sociology and Political Science (Q1); Accounting (Q2),2.2,4.1,1,issn,issn,,,,,,,clarivate_jif_csv_by_issn,clarivate_jif_csv_by_issn
Journal of Accounting and Public Policy,Journal of Accounting and Public Policy,0278-4254,1873-2070,,A*,2025,3501,0.97,Q1,104.0,2.74,Sociology and Political Science (Q1); Accounting (Q2),2.2,4.1,1,title,title,,,,,,,clarivate_jif_csv_by_issn,clarivate_jif_csv_by_issn
Journal of Accounting Research,Journal of Accounting Research,0021-8456,1475-679X,,A*,2025,3501,9.774,Q1,186.0,12.22,Accounting (Q1); Economics and Econometrics (Q1); Finance (Q1),10.4,10.3,1,title,title,,,,,,,clarivate_jif_csv_by_issn,clarivate_jif_csv_by_issn
Journal of Asian Business and Economic Studies,Journal of Asian Business and Economic Studies,2515-964X,,,B,2025,3801,0.693,Q1,27.0,3.92,"Economics, Econometrics and Finance (miscellaneous) (Q1); Business and International Management (Q2)",3.2,3.5,1,title,title,,,,,,,clarivate_jif_csv_by_issn,clarivate_jif_csv_by_issn
Journal of Banking & Finance,Journal of Banking & Finance,0378-4266,1872-6372,,A*,2025,3502,1.954,Q1,225.0,5.11,Economics and Econometrics (Q1); Finance (Q1),4.0,4.7,1,issn,issn,,,,,,,clarivate_jif_csv_by_issn,clarivate_jif_csv_by_issn
Journal of Banking and Finance,Journal of Banking & Finance,0378-4266,1872-6372,,A*,2025,3502,1.954,Q1,225.0,5.11,Economics and Econometrics (Q1); Finance (Q1),4.0,4.7,1,title,title,,,,,,,clarivate_jif_csv_by_issn,clarivate_jif_csv_by_issn
Journal of Cleaner Production,Journal of Cleaner Production,0959-6526,1879-1786,,C,2025,3507,2.019,Q1,397.0,11.78,"Environmental Science (miscellaneous) (Q1); Industrial and Manufacturing Engineering (Q1); Renewable Energy, Sustainability and the Environment (Q1); Strategy and Management (Q1)",10.7,11.0,1,issn,issn,,,,,,,clarivate_jif_csv_by_issn,clarivate_jif_csv_by_issn
Journal of Contemporary Accounting and Economics,Journal of Contemporary Accounting and Economics,1815-5669,,,A,2025,3501,0.801,Q2,46.0,4.18,Accounting (Q2),3.3,4.1,1,title,title,,,,,,,clarivate_jif_csv_by_issn,clarivate_jif_csv_by_issn
"Journal of Corporate Finance 69, 2021 (ABDC: A*)",,,,,none,2025,,,,,,,,,1,,,,,,,,,,
Journal of Economic Surveys,Journal of Economic Surveys,0950-0804,1467-6419,,A,2025,3801,2.483,Q1,131.0,10.65,Economics and Econometrics (Q1),6.6,8.2,1,issn,issn,,,,,,,clarivate_jif_csv_by_issn,clarivate_jif_csv_by_issn
Journal of International Accounting Research,Journal of International Accounting Research,1542-6297,1558-8025,,A,2025,3501,0.526,Q2,34.0,1.98,Accounting (Q2); Business and International Management (Q2),1.9,1.7,1,issn,issn,,,,,,,clarivate_jif_csv_by_issn,clarivate_jif_csv_by_issn
Journal of Management,Journal of Management,0149-2063,1557-1211,,A*,2025,3507,8.251,Q1,315.0,13.92,Finance (Q1); Strategy and Management (Q1),10.0,17.0,1,title,title,,,,,,,clarivate_jif_csv_by_issn,clarivate_jif_csv_by_issn
Journal of Management Accounting Research,Journal of Management Accounting Research,1049-2127,1558-8033,,A*,2025,3501,1.248,Q1,38.0,1.91,Accounting (Q1); Business and International Management (Q1),1.5,2.1,1,issn,issn,,,,,,,clarivate_jif_csv_by_issn,clarivate_jif_csv_by_issn
Journal of Management Information Systems,Journal of Management Information Systems,0742-1222,1557-928X,,A*,2025,4609,3.154,Q1,189.0,7.15,Computer Science Applications (Q1); Information Systems and Management (Q1); Management Information Systems (Q1); Management Science and Operations Research (Q1),7.2,9.8,1,issn,issn,,,,,,,clarivate_jif_csv_by_issn,clarivate_jif_csv_by_issn
Journal of Political Economy Microeconomics,Journal of Political Economy: Microeconomics,2832-9368,2832-9376,,A,2025,3801,,,,,,,,1,title,,,,,,,,,
Journal of Real Estate Finance and Economics,Journal of Real Estate Finance and Economics,0895-5638,1573-045X,,A,2025,3504,0.882,Q1,78.0,3.01,Urban Studies (Q1); Accounting (Q2); Economics and Econometrics (Q2); Finance (Q2),2.1,2.3,1,issn,issn,,,,,,,clarivate_jif_csv_by_issn,clarivate_jif_csv_by_issn
Journal of the Association of Information Systems,,,,,none,2025,,,,,,,,,1,,,,,,,,,,
"Lessons from the Financial Crisis: Causes, Consequences, and Our Economic Future",,,,,none,2025,,,,,,,,,1,,,,,,,,,,
Management and Organization Review,Management and Organization Review,1740-8776,1740-8784,,A,2025,3507,1.063,Q1,82.0,3.34,Business and International Management (Q1); Strategy and Management (Q1),3.1,4.2,1,title,title,,,,,,,clarivate_jif_csv_by_issn,clarivate_jif_csv_by_issn
Management Science,Management Science,0025-1909,1526-5501,,A*,2025,3507,6.428,Q1,321.0,7.69,Management Science and Operations Research (Q1); Strategy and Management (Q1),5.7,7.6,1,title,title,,,,,,,clarivate_jif_csv_by_issn,clarivate_jif_csv_by_issn
Natural Language Engineering,,,,,none,2025,,,,,,,,,1,,,,,,,,,,
Oxford University Commonwealth Law Journal,Oxford University Commonwealth Law Journal,1472-9342,1757-8469,,A*,2025,4801,0.106,Q4,8.0,0.67,Law (Q4),,,1,title,title,,,,,,,,
Pacific Basin Finance Journal,Pacific-Basin Finance Journal,0927-538X,1879-0585,,A,2025,3502,1.322,Q1,92.0,6.12,Economics and Econometrics (Q1); Finance (Q1),5.4,5.6,1,title,title,,,,,,,clarivate_jif_csv_by_issn,clarivate_jif_csv_by_issn
"Public Fund Digest, Research Supplement",,,,,none,2025,,,,,,,,,1,,,,,,,,,,
Qualitative Research in Accounting and Management,Qualitative Research in Accounting and Management,1176-6093,1758-7654,,A,2025,3501,1.027,Q1,42.0,3.7,Business and International Management (Q1); Accounting (Q2),2.8,2.9,1,title,title,,,,,,,clarivate_jif_csv_by_issn,clarivate_jif_csv_by_issn
Quarterly Journal of Finance,Quarterly Journal of Finance,2010-1392,2010-1406,,A,2025,3502,0.484,Q2,28.0,0.72,Economics and Econometrics (Q2); Finance (Q2); Strategy and Management (Q2),0.7,0.9,1,title,title,,,,,,,clarivate_jif_csv_by_issn,clarivate_jif_csv_by_issn
Real Estate Economics,Real Estate Economics,1080-8620,1540-6229,,A,2025,3502,1.474,Q1,76.0,2.98,Accounting (Q1); Economics and Econometrics (Q1); Finance (Q1),2.5,2.4,1,title,title,,,,,,,clarivate_jif_csv_by_issn,clarivate_jif_csv_by_issn
Research report from grant received from the Institute of Chartered Accountants of Scotland,,,,,none,2025,,,,,,,,,1,,,,,,,,,,
Review of Asset Pricing Studies,Review of Asset Pricing Studies,2045-9920,2045-9939,,A*,2025,3502,2.921,Q1,36.0,1.36,Economics and Econometrics (Q1); Finance (Q1),1.3,4.5,1,title,title,,,,,,,clarivate_jif_csv_by_issn,clarivate_jif_csv_by_issn
Review of Finance 2020,,,,,none,2025,,,,,,,,,1,,,,,,,,,,
Review of Financial Studies,The Review of Financial Studies,0893-9454,1465-7368,,A*,2025,3502,17.406,Q1,268.0,8.71,Accounting (Q1); Economics and Econometrics (Q1); Finance (Q1),7.6,12.7,1,title,title,,,,,,,clarivate_jif_csv_by_issn,clarivate_jif_csv_by_issn
"Reviewer of Accounting Studies 29: 3497-3533 (ABDC: A*, FT50)",,,,,none,2025,,,,,,,,,1,,,,,,,,,,
Stochastic Processes and their Applications,Stochastic Processes and their Applications,0304-4149,1879-209X,,A,2025,4905,0.94,Q1,93.0,1.35,Applied Mathematics (Q1); Modeling and Simulation (Q1); Statistics and Probability (Q1),1.2,1.4,1,title,title,,,,,,,clarivate_jif_csv_by_issn,clarivate_jif_csv_by_issn
Strategic Management Journal,Strategic Management Journal,0143-2095,1097-0266,,A*,2025,3507,10.154,Q1,370.0,10.85,Business and International Management (Q1); Strategy and Management (Q1),7.6,12.6,1,title,title,,,,,,,clarivate_jif_csv_by_issn,clarivate_jif_csv_by_issn
the Australian Journal of Management,Australian Journal of Management,0312-8962,1327-2020,,A,2025,3502,0.778,Q1,57.0,3.96,"Business, Management and Accounting (miscellaneous) (Q1)",3.1,5.0,1,title,title,,,,,,,clarivate_jif_csv_by_issn,clarivate_jif_csv_by_issn
The eJournal of Tax Research,eJournal of Tax Research,1448-2398,,,A,2025,4801,0.19,Q4,15.0,0.65,Accounting (Q4); Economics and Econometrics (Q4); Finance (Q4),0.3,0.4,1,title,title,,,,,,,clarivate_jif_csv_by_issn,clarivate_jif_csv_by_issn
The European Accounting Review,The European Accounting Review,0963-8180,1468-4497,,A*,2025,3501,2.272,Q1,98.0,6.0,"Accounting (Q1); Aerospace Engineering (Q1); Arts and Humanities (miscellaneous) (Q1); Automotive Engineering (Q1); Business and International Management (Q1); Business, Management and Accounting (miscellaneous) (Q1); Economics and Econometrics (Q1); Economics, Econometrics and Finance (miscellaneous) (Q1); Finance (Q1); History (Q1)",2.2,4.8,1,issn,issn,,,,,,,clarivate_jif_csv_by_issn,clarivate_jif_csv_by_issn
