Rank;Sourceid;Title;Type;Issn;Publisher;Open Access;Open Access Diamond;SJR;SJR Quartile;H index;Total Docs. (2025);Total Docs. (3years);Total Refs.;Total Citations (3years);Citable Docs. (3years);Citations / Doc. (2years);Ref. / Doc.;%Female;Overton;Country;Region;Publisher;Coverage;Categories;Areas
1;17500;"Journal of Finance";journal;"00221082, 15406261";"Wiley-Blackwell Publishing Ltd";No;No;22,270;Q1;386;86;243;5002;3233;236;12,30;58,16;21,15;25;United Kingdom;Western Europe;"Wiley-Blackwell Publishing Ltd";"1946-2026";"Accounting (Q1); Economics and Econometrics (Q1); Finance (Q1)";"Business, Management and Accounting; Economics, Econometrics and Finance"
2;24379;"Journal of Financial Economics";journal;"0304405X";"Elsevier B.V.";No;No;18,748;Q1;355;143;401;8293;6073;399;8,99;57,99;22,16;31;Netherlands;Western Europe;"Elsevier B.V.";"1974-2026";"Accounting (Q1); Economics and Econometrics (Q1); Finance (Q1); Strategy and Management (Q1)";"Business, Management and Accounting; Economics, Econometrics and Finance"
3;16161;"Review of Financial Studies";journal;"14657368, 08939454";"Oxford University Press";No;No;17,406;Q1;268;88;332;5472;3147;332;8,71;62,18;21,46;19;United Kingdom;Western Europe;"Oxford University Press";"1996-2026";"Accounting (Q1); Economics and Econometrics (Q1); Finance (Q1)";"Business, Management and Accounting; Economics, Econometrics and Finance"
4;16160;"Review of Finance";journal;"1573692X, 15723097";"Oxford University Press";No;No;9,870;Q1;91;54;168;2983;2256;166;7,62;55,24;22,63;3;United Kingdom;Western Europe;"Oxford University Press";"2001-2002, 2004-2026";"Accounting (Q1); Economics and Econometrics (Q1); Finance (Q1)";"Business, Management and Accounting; Economics, Econometrics and Finance"
5;29857;"Journal of Accounting Research";journal;"1475679X, 00218456";"Wiley-Blackwell Publishing Ltd";No;No;9,774;Q1;186;62;133;4400;1608;133;12,22;70,97;36,08;0;United Kingdom;Western Europe;"Wiley-Blackwell Publishing Ltd";"1996-2026";"Accounting (Q1); Economics and Econometrics (Q1); Finance (Q1)";"Business, Management and Accounting; Economics, Econometrics and Finance"
6;29838;"Journal of Accounting and Economics";journal;"01654101";"Elsevier B.V.";No;No;8,748;Q1;207;67;149;4541;1520;148;8,48;67,78;29,24;4;Netherlands;Western Europe;"Elsevier B.V.";"1979-2026";"Accounting (Q1); Economics and Econometrics (Q1); Finance (Q1)";"Business, Management and Accounting; Economics, Econometrics and Finance"
7;12963;"Review of Accounting Studies";journal;"15737136, 13806653";"Springer New York";No;No;5,560;Q1;118;104;209;7579;2080;209;8,99;72,88;30,94;3;United States;Northern America;"Springer New York";"1996-2026";"Accounting (Q1); Business, Management and Accounting (miscellaneous) (Q1)";"Business, Management and Accounting"
8;80370;"Journal of Financial and Quantitative Analysis";journal;"00221090, 17566916";"Cambridge University Press";No;No;4,404;Q1;164;193;325;11278;1572;325;4,15;58,44;22,27;0;United Kingdom;Western Europe;"Cambridge University Press";"1966-2026";"Accounting (Q1); Economics and Econometrics (Q1); Finance (Q1)";"Business, Management and Accounting; Economics, Econometrics and Finance"
9;28096;"Accounting Review";journal;"00014826, 15587967";"American Accounting Association";No;No;4,403;Q1;217;104;380;7015;2174;376;3,71;67,45;38,65;0;United States;Northern America;"American Accounting Association";"1996-2026";"Accounting (Q1); Economics and Econometrics (Q1); Finance (Q1)";"Business, Management and Accounting; Economics, Econometrics and Finance"
10;29113;"Contemporary Accounting Research";journal;"08239150, 19113846";"John Wiley and Sons Inc";No;No;3,686;Q1;141;95;254;6761;1695;253;6,37;71,17;32,84;0;Canada;Northern America;"John Wiley and Sons Inc";"1984-2026";"Accounting (Q1); Economics and Econometrics (Q1); Finance (Q1)";"Business, Management and Accounting; Economics, Econometrics and Finance"
11;74502;"Financial Management";journal;"1755053X, 00463892";"John Wiley and Sons Inc";No;No;3,477;Q1;88;49;82;3110;606;82;9,50;63,47;21,97;0;United States;Northern America;"John Wiley and Sons Inc";"1996-2026";"Accounting (Q1); Economics and Econometrics (Q1); Finance (Q1)";"Business, Management and Accounting; Economics, Econometrics and Finance"
12;28094;"Accounting, Organizations and Society";journal;"03613682";"Elsevier Ltd";No;No;3,098;Q1;170;23;115;2302;617;110;5,00;100,09;35,09;0;United Kingdom;Western Europe;"Elsevier Ltd";"1976-2026";"Accounting (Q1); Applied Psychology (Q1); Information Systems and Management (Q1); Organizational Behavior and Human Resource Management (Q1); Sociology and Political Science (Q1)";"Business, Management and Accounting; Decision Sciences; Psychology; Social Sciences"
13;28561;"Auditing";journal;"15587991, 02780380";"American Accounting Association";No;No;2,320;Q1;111;32;98;2531;440;97;4,48;79,09;37,50;0;United States;Northern America;"American Accounting Association";"1996-2026";"Accounting (Q1); Economics and Econometrics (Q1); Finance (Q1)";"Business, Management and Accounting; Economics, Econometrics and Finance"
14;7100153129;"European Accounting Review";journal;"09638180, 14684497";"Routledge";No;No;2,272;Q1;98;98;157;7430;997;154;6,00;75,82;29,17;4;United Kingdom;Western Europe;"Routledge";"1992-2026";"Accounting (Q1); Aerospace Engineering (Q1); Arts and Humanities (miscellaneous) (Q1); Automotive Engineering (Q1); Business and International Management (Q1); Business, Management and Accounting (miscellaneous) (Q1); Economics and Econometrics (Q1); Economics, Econometrics and Finance (miscellaneous) (Q1); Finance (Q1); History (Q1)";"Arts and Humanities; Business, Management and Accounting; Economics, Econometrics and Finance; Engineering"
15;19251;"Work, Employment and Society";journal;"14698722, 09500170";"SAGE Publications Ltd";No;No;2,204;Q1;112;84;235;5206;1563;234;6,65;61,98;52,94;8;United Kingdom;Western Europe;"SAGE Publications Ltd";"1987-2026";"Accounting (Q1); Economics and Econometrics (Q1); Organizational Behavior and Human Resource Management (Q1); Sociology and Political Science (Q1)";"Business, Management and Accounting; Economics, Econometrics and Finance; Social Sciences"
16;29170;"Critical Perspectives on Accounting";journal;"10452354, 10959955";"Academic Press";No;No;2,100;Q1;97;38;216;3748;1217;206;5,37;98,63;63,16;0;United States;Northern America;"Academic Press";"1990-2026";"Accounting (Q1); Finance (Q1); Information Systems and Management (Q1); Sociology and Political Science (Q1)";"Business, Management and Accounting; Decision Sciences; Economics, Econometrics and Finance; Social Sciences"
17;144651;"Journal of Technology Transfer";journal;"08929912, 15737047";"Springer";No;No;2,013;Q1;115;188;251;17060;2152;251;8,37;90,74;37,59;7;United States;Northern America;"Springer";"1977-2026";"Accounting (Q1); Business and International Management (Q1); Engineering (miscellaneous) (Q1)";"Business, Management and Accounting; Engineering"
18;17557;"Journal of Money, Credit and Banking";journal;"15384616, 00222879";"Wiley-Blackwell";No;No;1,999;Q1;133;121;257;5781;615;256;2,36;47,78;24,73;25;United States;Northern America;"Wiley-Blackwell";"1996-2026";"Accounting (Q1); Economics and Econometrics (Q1); Finance (Q1)";"Business, Management and Accounting; Economics, Econometrics and Finance"
19;19900191863;"Accounting in Europe";journal;"17449499, 17449480";"Routledge";No;No;1,957;Q1;36;29;47;2199;587;45;10,84;75,83;46,15;1;United Kingdom;Western Europe;"Routledge";"2006, 2008, 2010-2026";"Accounting (Q1); Business and International Management (Q1); Finance (Q1)";"Business, Management and Accounting; Economics, Econometrics and Finance"
20;29011;"Journal of Risk and Uncertainty";journal;"15730476, 08955646";"Springer Netherlands";No;No;1,823;Q1;87;28;72;1171;197;72;2,85;41,82;34,92;1;Netherlands;Western Europe;"Springer Netherlands";"1988-2026";"Accounting (Q1); Economics and Econometrics (Q1); Finance (Q1)";"Business, Management and Accounting; Economics, Econometrics and Finance"
21;21100227406;"Sustainability Accounting, Management and Policy Journal";journal;"20408021, 2040803X";"Emarald Group Publishing Ltd";No;No;1,808;Q1;68;112;164;10714;2224;162;12,14;95,66;44,15;0;United Kingdom;Western Europe;"Emarald Group Publishing Ltd";"2010-2026";"Accounting (Q1); Business, Management and Accounting (miscellaneous) (Q1); Renewable Energy, Sustainability and the Environment (Q1)";"Business, Management and Accounting; Energy"
22;27365;"World Bank Economic Review";journal;"1564698X, 02586770";"Oxford University Press";No;No;1,804;Q1;111;46;114;2251;431;114;2,70;48,93;35,25;18;United Kingdom;Western Europe;"Oxford University Press";"1986-2026";"Accounting (Q1); Development (Q1); Economics and Econometrics (Q1); Finance (Q1)";"Business, Management and Accounting; Economics, Econometrics and Finance; Social Sciences"
23;18173;"Mathematical Finance";journal;"09601627, 14679965";"Wiley-Blackwell Publishing Ltd";No;No;1,761;Q1;92;31;98;1343;351;96;4,09;43,32;17,33;1;United Kingdom;Western Europe;"Wiley-Blackwell Publishing Ltd";"1991-2026";"Accounting (Q1); Applied Mathematics (Q1); Economics and Econometrics (Q1); Finance (Q1); Social Sciences (miscellaneous) (Q1)";"Business, Management and Accounting; Economics, Econometrics and Finance; Mathematics; Social Sciences"
24;29806;"International Journal of Accounting Information Systems";journal;"14670895";"Elsevier Inc.";No;No;1,747;Q1;74;35;84;2495;979;81;12,21;71,29;37,80;0;United States;Northern America;"Elsevier Inc.";"2000-2026";"Accounting (Q1); Finance (Q1); Information Systems and Management (Q1); Management Information Systems (Q1)";"Business, Management and Accounting; Decision Sciences; Economics, Econometrics and Finance"
25;28634;"British Accounting Review";journal;"10958347, 08908389";"Academic Press";No;No;1,705;Q1;100;176;206;14831;1749;206;8,33;84,27;36,48;0;United States;Northern America;"Academic Press";"1988-2026";"Accounting (Q1)";"Business, Management and Accounting"
26;100147314;"Journal of International Financial Management and Accounting";journal;"09541314, 1467646X";"Wiley-Blackwell Publishing Ltd";No;No;1,639;Q1;55;29;68;1849;663;67;6,94;63,76;40,74;0;United Kingdom;Western Europe;"Wiley-Blackwell Publishing Ltd";"1989-1992, 1994-2026";"Accounting (Q1); Business, Management and Accounting (miscellaneous) (Q1); Finance (Q1)";"Business, Management and Accounting; Economics, Econometrics and Finance"
27;12277;"Management Accounting Research";journal;"10445005, 10961224";"Academic Press";No;No;1,625;Q1;109;19;48;1483;303;44;5,19;78,05;36,00;0;United States;Northern America;"Academic Press";"1990-2026";"Accounting (Q1); Finance (Q1); Information Systems and Management (Q1)";"Business, Management and Accounting; Decision Sciences; Economics, Econometrics and Finance"
28;130105;"Accounting, Auditing and Accountability Journal";journal;"09513574, 20513151";"Emerald Group Publishing Ltd.";No;No;1,574;Q1;136;77;303;6103;1642;267;4,12;79,26;39,47;0;United Kingdom;Western Europe;"Emerald Group Publishing Ltd.";"1988-2025";"Accounting (Q1); Economics, Econometrics and Finance (miscellaneous) (Q1)";"Business, Management and Accounting; Economics, Econometrics and Finance"
29;21101221557;"Review of Corporate Finance";journal;"26939312, 26939320";"Now Publishers Inc";No;No;1,485;Q1;16;14;48;851;195;48;3,28;60,79;41,38;0;United States;Northern America;"Now Publishers Inc";"2021-2025";"Accounting (Q1); Economics, Econometrics and Finance (miscellaneous) (Q1); Finance (Q1)";"Business, Management and Accounting; Economics, Econometrics and Finance"
30;24900;"Real Estate Economics";journal;"15406229, 10808620";"Wiley-Blackwell Publishing Ltd";No;No;1,474;Q1;76;54;150;2612;445;149;2,98;48,37;24,43;3;United Kingdom;Western Europe;"Wiley-Blackwell Publishing Ltd";"1973-2026";"Accounting (Q1); Economics and Econometrics (Q1); Finance (Q1)";"Business, Management and Accounting; Economics, Econometrics and Finance"
31;14733;"Financial Analysts Journal";journal;"0015198X";"Taylor and Francis Ltd.";No;No;1,425;Q1;99;28;85;1231;282;74;2,64;43,96;16,13;0;United Kingdom;Western Europe;"Taylor and Francis Ltd.";"1996-2026";"Accounting (Q1); Economics and Econometrics (Q1); Finance (Q1)";"Business, Management and Accounting; Economics, Econometrics and Finance"
32;24389;"Journal of Industrial Economics";journal;"14676451, 00221821";"Wiley-Blackwell Publishing Ltd";No;No;1,404;Q1;92;27;113;1115;199;112;1,47;41,30;20,37;2;United Kingdom;Western Europe;"Wiley-Blackwell Publishing Ltd";"1978-1989, 1996-2026";"Accounting (Q1); Business, Management and Accounting (miscellaneous) (Q1); Economics and Econometrics (Q1)";"Business, Management and Accounting; Economics, Econometrics and Finance"
33;5000158708;"Accounting Horizons";journal;"08887993, 15587975";"American Accounting Association";No;No;1,361;Q1;98;50;120;2370;430;118;3,31;47,40;34,65;0;United States;Northern America;"American Accounting Association";"1996-2025";"Accounting (Q1)";"Business, Management and Accounting"
34;19900193216;"Journal of Management Accounting Research";journal;"15588033, 10492127";"American Accounting Association";No;No;1,248;Q1;38;26;87;1624;205;83;1,91;62,46;26,32;0;United States;Northern America;"American Accounting Association";"2008-2025";"Accounting (Q1); Business and International Management (Q1)";"Business, Management and Accounting"
35;18617;"Journal of Risk and Insurance";journal;"15396975, 00224367";"Wiley-Blackwell Publishing Ltd";No;No;1,248;Q1;78;36;101;2055;260;97;2,23;57,08;35,11;2;United Kingdom;Western Europe;"Wiley-Blackwell Publishing Ltd";"1978-1979, 1996-2026";"Accounting (Q1); Economics and Econometrics (Q1); Finance (Q1)";"Business, Management and Accounting; Economics, Econometrics and Finance"
36;28708;"National Tax Journal";journal;"19447477, 00280283";"University of Chicago Press";No;No;1,232;Q1;72;38;104;1751;136;91;1,06;46,08;42,68;5;United States;Northern America;"University of Chicago Press";"1985, 1989, 1995-2026";"Accounting (Q1); Economics and Econometrics (Q1); Finance (Q1)";"Business, Management and Accounting; Economics, Econometrics and Finance"
37;19900192334;"Journal of Applied Accounting Research";journal;"09675426";"Emerald Group Publishing Ltd.";No;No;1,225;Q1;50;74;160;5425;1482;158;8,05;73,31;33,16;0;United Kingdom;Western Europe;"Emerald Group Publishing Ltd.";"1999-2002, 2004-2006, 2008-2026";"Accounting (Q1); Economics, Econometrics and Finance (miscellaneous) (Q1); Information Systems and Management (Q1)";"Business, Management and Accounting; Decision Sciences; Economics, Econometrics and Finance"
38;19900193252;"Journal of the American Taxation Association";journal;"15588017, 01989073";"American Accounting Association";No;No;1,218;Q1;36;11;38;598;82;37;2,20;54,36;43,75;0;United States;Northern America;"American Accounting Association";"1999, 2001, 2003-2004, 2007, 2009-2025";"Accounting (Q1); Finance (Q1)";"Business, Management and Accounting; Economics, Econometrics and Finance"
39;100147313;"Journal of Business Finance and Accounting";journal;"0306686X, 14685957";"Wiley-Blackwell Publishing Ltd";No;No;1,202;Q1;102;101;200;7660;823;200;3,81;75,84;34,53;1;United Kingdom;Western Europe;"Wiley-Blackwell Publishing Ltd";"1974-2026";"Accounting (Q1); Business, Management and Accounting (miscellaneous) (Q1); Finance (Q1)";"Business, Management and Accounting; Economics, Econometrics and Finance"
40;17529;"Journal of Financial Services Research";journal;"15730735, 09208550";"Springer Netherlands";No;No;1,198;Q1;66;38;69;1905;256;68;4,30;50,13;31,68;3;Netherlands;Western Europe;"Springer Netherlands";"1987-2026";"Accounting (Q1); Economics and Econometrics (Q1); Finance (Q1)";"Business, Management and Accounting; Economics, Econometrics and Finance"
41;5200153112;"European Financial Management";journal;"13547798, 1468036X";"Wiley-Blackwell Publishing Ltd";No;No;1,188;Q1;82;80;167;5641;947;166;5,58;70,51;28,44;1;United Kingdom;Western Europe;"Wiley-Blackwell Publishing Ltd";"1995-2026";"Accounting (Q1); Economics, Econometrics and Finance (miscellaneous) (Q1)";"Business, Management and Accounting; Economics, Econometrics and Finance"
42;6400153171;"ASTIN Bulletin";journal;"05150361, 17831350";"Cambridge University Press";No;No;1,161;Q1;53;34;91;1257;233;91;2,08;36,97;22,62;0;United Kingdom;Western Europe;"Cambridge University Press";"1958-1969, 1971-1975, 1977-1982, 1984-2026";"Accounting (Q1); Economics and Econometrics (Q1); Finance (Q1)";"Business, Management and Accounting; Economics, Econometrics and Finance"
43;21100248934;"China Journal of Accounting Research";journal;"17553091";"Sun Yat-sen (Zhongshan) University";Yes;No;1,107;Q1;36;32;94;1906;534;94;5,95;59,56;46,07;0;China;Asiatic Region;"Sun Yat-sen (Zhongshan) University";"2013-2026";"Accounting (Q1); Finance (Q1)";"Business, Management and Accounting; Economics, Econometrics and Finance"
44;19900191718;"International Journal of Accounting and Information Management";journal;"17589037, 18347649";"Emerald Publishing";No;No;1,106;Q1;46;58;108;4167;868;108;7,07;71,84;32,85;0;United Kingdom;Western Europe;"Emerald Publishing";"2007-2026";"Accounting (Q1); Economics, Econometrics and Finance (miscellaneous) (Q1); Management Information Systems (Q1); Management of Technology and Innovation (Q1)";"Business, Management and Accounting; Economics, Econometrics and Finance"
45;145078;"Accounting Forum";journal;"01559982, 14676303";"Taylor and Francis Ltd.";No;No;1,087;Q1;70;60;75;4467;434;72;5,81;74,45;35,95;1;United Kingdom;Western Europe;"Taylor and Francis Ltd.";"2004-2026";"Accounting (Q1); Finance (Q1)";"Business, Management and Accounting; Economics, Econometrics and Finance"
46;28034;"Accounting and Business Research";journal;"21594260, 00014788";"Routledge";No;No;1,065;Q1;77;54;104;3859;369;100;3,62;71,46;34,35;0;United Kingdom;Western Europe;"Routledge";"1970-2026";"Accounting (Q1); Finance (Q1)";"Business, Management and Accounting; Economics, Econometrics and Finance"
47;19400157320;"Foundations and Trends in Accounting";journal;"15540642, 15540650";"Now Publishers Inc";No;No;1,055;Q1;22;8;7;322;11;7;1,60;40,25;0,00;5;United States;Northern America;"Now Publishers Inc";"2006-2012, 2014-2016, 2018-2025";"Accounting (Q1); Finance (Q1)";"Business, Management and Accounting; Economics, Econometrics and Finance"
48;19900191743;"Qualitative Research in Accounting and Management";journal;"11766093";"Emerald Group Publishing Ltd.";No;No;1,027;Q2;42;32;86;2545;379;84;3,70;79,53;53,42;0;United Kingdom;Western Europe;"Emerald Group Publishing Ltd.";"2004-2026";"Business and International Management (Q1); Accounting (Q2)";"Business, Management and Accounting"
49;23594;"World Economy";journal;"03785920, 14679701";"Wiley-Blackwell Publishing Ltd";No;No;1,000;Q2;90;121;440;6108;1597;439;3,61;50,48;31,70;7;United Kingdom;Western Europe;"Wiley-Blackwell Publishing Ltd";"1977-2026";"Finance (Q1); Political Science and International Relations (Q1); Accounting (Q2); Economics and Econometrics (Q2)";"Business, Management and Accounting; Economics, Econometrics and Finance; Social Sciences"
50;21100446969;"Meditari Accountancy Research";journal;"20493738, 2049372X";"Emerald Publishing";No;No;0,974;Q2;59;86;259;7899;1855;259;5,94;91,85;43,00;0;United Kingdom;Western Europe;"Emerald Publishing";"2012-2026";"Economics, Econometrics and Finance (miscellaneous) (Q1); Accounting (Q2)";"Business, Management and Accounting; Economics, Econometrics and Finance"
51;29849;"Journal of Accounting and Public Policy";journal;"18732070, 02784254";"Elsevier Inc.";No;No;0,970;Q2;104;73;200;5087;714;193;2,74;69,68;29,72;0;United States;Northern America;"Elsevier Inc.";"1982-2026";"Sociology and Political Science (Q1); Accounting (Q2)";"Business, Management and Accounting; Social Sciences"
52;3200147830;"Journal of Accounting, Auditing and Finance";journal;"21604061, 0148558X";"SAGE Publications Ltd";No;No;0,965;Q2;68;84;123;5214;349;122;1,91;62,07;37,99;0;United Kingdom;Western Europe;"SAGE Publications Ltd";"1986-2026";"Economics, Econometrics and Finance (miscellaneous) (Q1); Finance (Q1); Accounting (Q2)";"Business, Management and Accounting; Economics, Econometrics and Finance"
53;21101042192;"World Tax Journal";journal;"23529237, 18784917";"International Bureau of Fiscal Documentation (IBFD)";No;No;0,943;Q2;11;20;61;1667;55;59;0,78;83,35;35,90;3;Netherlands;Western Europe;"International Bureau of Fiscal Documentation (IBFD)";"2019-2025";"Law (Q1); Accounting (Q2); Economics and Econometrics (Q2); Finance (Q2)";"Business, Management and Accounting; Economics, Econometrics and Finance; Social Sciences"
54;19900192221;"Journal of Management Control";journal;"2191477X, 21914761";"Physica-Verlag";No;No;0,922;Q2;37;21;52;2163;282;49;4,40;103,00;34,09;0;Germany;Western Europe;"Physica-Verlag";"2011-2026";"Management Information Systems (Q1); Management Science and Operations Research (Q1); Accounting (Q2); Management of Technology and Innovation (Q2); Strategy and Management (Q2)";"Business, Management and Accounting; Decision Sciences"
55;21100781411;"Journal of Risk Finance";journal;"23312947, 15265943";"Emerald Publishing";No;No;0,916;Q2;53;47;112;3212;666;109;5,28;68,34;39,67;0;United Kingdom;Western Europe;"Emerald Publishing";"1999-2026";"Accounting (Q2); Finance (Q2)";"Business, Management and Accounting; Economics, Econometrics and Finance"
56;21100265668;"Journal of Accounting Literature";journal;"07374607";"Emerald Publishing";No;No;0,912;Q2;31;157;73;12979;283;73;3,80;82,67;31,09;0;United Kingdom;Western Europe;"Emerald Publishing";"2013-2019, 2022-2026";"Accounting (Q2)";"Business, Management and Accounting"
57;29884;"Journal of International Accounting, Auditing and Taxation";journal;"10619518";"Elsevier B.V.";No;No;0,892;Q2;58;39;117;3310;540;106;4,27;84,87;26,26;1;United Kingdom;Western Europe;"Elsevier B.V.";"1992-2026";"Accounting (Q2); Finance (Q2)";"Business, Management and Accounting; Economics, Econometrics and Finance"
58;21100899291;"Journal of Financial Reporting and Accounting";journal;"20425856, 19852517";"Emerald Group Publishing Ltd.";No;No;0,889;Q2;42;258;251;21388;1999;246;7,94;82,90;36,82;0;United Kingdom;Western Europe;"Emerald Group Publishing Ltd.";"2003, 2007, 2009, 2017-2026";"Economics, Econometrics and Finance (miscellaneous) (Q1); Management Information Systems (Q1); Accounting (Q2)";"Business, Management and Accounting; Economics, Econometrics and Finance"
59;23582;"Journal of Real Estate Finance and Economics";journal;"1573045X, 08955638";"Springer Netherlands";No;No;0,882;Q2;78;70;160;3246;464;160;3,01;46,37;22,09;10;Netherlands;Western Europe;"Springer Netherlands";"1988-2026";"Urban Studies (Q1); Accounting (Q2); Economics and Econometrics (Q2); Finance (Q2)";"Business, Management and Accounting; Economics, Econometrics and Finance; Social Sciences"
60;19700188267;"Accounting Education";journal;"14684489, 09639284";"Routledge";No;No;0,879;Q2;58;70;94;5284;548;94;5,76;75,49;53,80;0;United Kingdom;Western Europe;"Routledge";"1992-1996, 1998, 2000-2026";"Education (Q1); Accounting (Q2)";"Business, Management and Accounting; Social Sciences"
61;21101258748;"Journal of Business and Socio-economic Development";journal;"26351374, 26351692";"Emerald Publishing";Yes;Yes;0,871;Q2;22;42;61;2370;444;60;6,54;56,43;22,83;0;United Kingdom;Western Europe;"Emerald Publishing";"2021-2026";"Business, Management and Accounting (miscellaneous) (Q1); Accounting (Q2); Business and International Management (Q2); Marketing (Q2)";"Business, Management and Accounting"
62;6500153243;"International Review of Environmental and Resource Economics";journal;"19321465, 19321473";"Now Publishers Inc";No;No;0,866;Q2;36;7;26;1363;40;25;1,81;194,71;38,10;0;United States;Northern America;"Now Publishers Inc";"2007-2025";"Accounting (Q2); Economics and Econometrics (Q2); Finance (Q2); Management, Monitoring, Policy and Law (Q2)";"Business, Management and Accounting; Economics, Econometrics and Finance; Environmental Science"
63;21100899300;"Journal of Accounting in Emerging Economies";journal;"20421168, 20421176";"Emerald Group Publishing Ltd.";No;No;0,839;Q2;37;65;121;5553;786;120;6,53;85,43;32,70;0;United Kingdom;Western Europe;"Emerald Group Publishing Ltd.";"2015-2026";"Development (Q1); Sociology and Political Science (Q1); Accounting (Q2)";"Business, Management and Accounting; Social Sciences"
64;19900193217;"Journal of Emerging Technologies in Accounting";journal;"15541908, 15587940";"American Accounting Association";No;No;0,838;Q2;34;19;86;948;363;77;3,56;49,89;30,77;0;United States;Northern America;"American Accounting Association";"2009-2025";"Accounting (Q2); Computer Science Applications (Q2)";"Business, Management and Accounting; Computer Science"
65;200147123;"Accounting and Finance";journal;"1467629X, 08105391";"Wiley-Blackwell";No;No;0,814;Q2;77;234;494;17306;2106;494;3,53;73,96;38,58;1;United States;Northern America;"Wiley-Blackwell";"1979-2026";"Economics, Econometrics and Finance (miscellaneous) (Q1); Accounting (Q2); Finance (Q2)";"Business, Management and Accounting; Economics, Econometrics and Finance"
66;21101193873;"Journal of Economics and Development";journal;"26325330, 18590020";"Emerald Publishing";Yes;Yes;0,810;Q2;27;22;66;1252;426;66;5,72;56,91;38,89;0;United Kingdom;Western Europe;"Emerald Publishing";"2019-2026";"Business, Management and Accounting (miscellaneous) (Q1); Economics, Econometrics and Finance (miscellaneous) (Q1); Accounting (Q2); Economics and Econometrics (Q2)";"Business, Management and Accounting; Economics, Econometrics and Finance"
67;17332;"International Journal of Finance and Economics";journal;"10991158, 10769307";"John Wiley and Sons Ltd";No;No;0,807;Q2;64;329;755;23689;3620;752;5,20;72,00;27,88;5;United Kingdom;Western Europe;"John Wiley and Sons Ltd";"1996-2026";"Accounting (Q2); Economics and Econometrics (Q2); Finance (Q2)";"Business, Management and Accounting; Economics, Econometrics and Finance"
68;19900191757;"Journal of Accounting and Organizational Change";journal;"18325912";"Emerald Publishing";No;No;0,805;Q2;43;102;130;8611;740;127;5,59;84,42;39,18;0;United Kingdom;Western Europe;"Emerald Publishing";"2005-2026";"Economics, Econometrics and Finance (miscellaneous) (Q1); Accounting (Q2); Organizational Behavior and Human Resource Management (Q2); Strategy and Management (Q2)";"Business, Management and Accounting; Economics, Econometrics and Finance"
69;19500157013;"Journal of Contemporary Accounting and Economics";journal;"18155669";"Elsevier Ltd";No;No;0,801;Q2;46;48;79;3132;343;79;4,18;65,25;35,90;0;United Kingdom;Western Europe;"Elsevier Ltd";"2009-2026";"Accounting (Q2)";"Business, Management and Accounting"
70;100147335;"Abacus";journal;"00013072, 14676281";"Wiley-Blackwell Publishing Ltd";No;No;0,762;Q2;60;61;90;4760;294;87;3,20;78,03;38,04;0;United Kingdom;Western Europe;"Wiley-Blackwell Publishing Ltd";"1965-2026";"Accounting (Q2)";"Business, Management and Accounting"
71;28062;"International Tax and Public Finance";journal;"15736970, 09275940";"Springer New York";No;No;0,735;Q2;60;102;164;4299;283;161;1,52;42,15;29,57;20;United States;Northern America;"Springer New York";"1994-2026";"Accounting (Q2); Economics and Econometrics (Q2); Finance (Q2)";"Business, Management and Accounting; Economics, Econometrics and Finance"
72;15688;"Journal of Information Systems";journal;"08887985, 15587959";"American Accounting Association";No;No;0,731;Q2;52;20;85;1828;275;81;2,83;91,40;29,17;0;United States;Northern America;"American Accounting Association";"2006, 2009-2025";"Information Systems and Management (Q1); Accounting (Q2); Human-Computer Interaction (Q2); Information Systems (Q2); Management Information Systems (Q2); Management of Technology and Innovation (Q2); Software (Q2)";"Business, Management and Accounting; Computer Science; Decision Sciences"
73;19900191721;"Review of Accounting and Finance";journal;"14757702, 17587700";"Emerald Publishing";No;No;0,731;Q2;39;51;80;3467;408;80;6,00;67,98;36,84;0;United Kingdom;Western Europe;"Emerald Publishing";"2002-2026";"Economics, Econometrics and Finance (miscellaneous) (Q1); Accounting (Q2); Finance (Q2)";"Business, Management and Accounting; Economics, Econometrics and Finance"
74;18700156708;"Australian Accounting Review";journal;"10356908, 18352561";"Wiley-Blackwell Publishing Ltd";No;No;0,702;Q2;54;21;80;1627;300;68;3,10;77,48;50,00;0;United Kingdom;Western Europe;"Wiley-Blackwell Publishing Ltd";"1991-2026";"Accounting (Q2)";"Business, Management and Accounting"
75;21100865909;"Intertax";journal;"18758347, 01652826";"Kluwer Law International";No;No;0,700;Q2;13;55;203;3341;164;168;0,78;60,75;47,83;1;Netherlands;Western Europe;"Kluwer Law International";"2018-2026";"Law (Q1); Accounting (Q2)";"Business, Management and Accounting; Social Sciences"
76;12964;"Review of Quantitative Finance and Accounting";journal;"0924865X, 15737179";"Springer New York";No;No;0,700;Q2;63;164;296;11182;1056;296;3,24;68,18;27,33;3;United States;Northern America;"Springer New York";"1991-2026";"Accounting (Q2); Business, Management and Accounting (miscellaneous) (Q2); Finance (Q2)";"Business, Management and Accounting; Economics, Econometrics and Finance"
77;19900192136;"International Journal of Auditing";journal;"10991123, 10906738";"John Wiley and Sons Ltd";No;No;0,681;Q2;42;41;92;3074;294;90;3,19;74,98;33,72;0;United Kingdom;Western Europe;"John Wiley and Sons Ltd";"2009-2026";"Economics, Econometrics and Finance (miscellaneous) (Q1); Accounting (Q2)";"Business, Management and Accounting; Economics, Econometrics and Finance"
78;19900193253;"Behavioral Research in Accounting";journal;"15588009, 10504753";"American Accounting Association";No;No;0,679;Q2;36;12;34;893;63;34;1,83;74,42;51,52;0;United States;Northern America;"American Accounting Association";"2007-2025";"Accounting (Q2); Organizational Behavior and Human Resource Management (Q2)";"Business, Management and Accounting"
79;144642;"Managerial Auditing Journal";journal;"02686902";"Emerald Publishing";No;No;0,676;Q2;83;51;123;3790;551;122;3,39;74,31;40,00;0;United Kingdom;Western Europe;"Emerald Publishing";"1986-2026";"Economics, Econometrics and Finance (miscellaneous) (Q1); Accounting (Q2); Business, Management and Accounting (miscellaneous) (Q2); Organizational Behavior and Human Resource Management (Q2)";"Business, Management and Accounting; Economics, Econometrics and Finance"
80;21100855822;"Cogent Business and Management";journal;"23311975";"Cogent OA";Yes;No;0,647;Q2;68;604;1854;52261;9851;1844;5,27;86,52;37,78;0;United Kingdom;Western Europe;"Cogent OA";"2014-2026";"Accounting (Q2); Business and International Management (Q2); Business, Management and Accounting (miscellaneous) (Q2); Management Science and Operations Research (Q2); Marketing (Q2); Organizational Behavior and Human Resource Management (Q2); Strategy and Management (Q2)";"Business, Management and Accounting; Decision Sciences"
81;17700156758;"International Journal of Disclosure and Governance";journal;"17413591, 17466539";"Palgrave Macmillan Ltd.";No;No;0,646;Q2;31;99;98;8614;482;98;4,81;87,01;32,11;0;United Kingdom;Western Europe;"Palgrave Macmillan Ltd.";"2009-2026";"Accounting (Q2); Business and International Management (Q2); Economics and Econometrics (Q2); Finance (Q2); Strategy and Management (Q2)";"Business, Management and Accounting; Economics, Econometrics and Finance"
82;17181;"Public Money and Management";journal;"14679302, 09540962";"Routledge";No;No;0,642;Q2;65;205;367;6494;978;302;2,47;31,68;43,00;7;United Kingdom;Western Europe;"Routledge";"1988-2026";"Sociology and Political Science (Q1); Accounting (Q2); Business, Management and Accounting (miscellaneous) (Q2); Finance (Q2); Public Administration (Q2)";"Business, Management and Accounting; Economics, Econometrics and Finance; Social Sciences"
83;21101058817;"Asian Journal of Accounting Research";journal;"24599700, 24434175";"Airlangga University";Yes;Yes;0,640;Q2;26;40;83;2405;539;83;4,88;60,13;40,74;0;United Kingdom;Western Europe;"Airlangga University";"2016-2026";"Accounting (Q2)";"Business, Management and Accounting"
84;19600162139;"Accounting Research Journal";journal;"10309616";"Emerald Group Publishing Ltd.";No;No;0,620;Q2;37;52;109;3220;580;108;5,11;61,92;27,56;0;United Kingdom;Western Europe;"Emerald Group Publishing Ltd.";"2005-2026";"Accounting (Q2); Finance (Q2)";"Business, Management and Accounting; Economics, Econometrics and Finance"
85;16509;"Journal of Futures Markets";journal;"10969934, 02707314";"Wiley-Liss Inc.";No;No;0,599;Q2;69;109;249;5897;663;242;2,93;54,10;28,36;1;United States;Northern America;"Wiley-Liss Inc.";"1981-2026";"Accounting (Q2); Business, Management and Accounting (miscellaneous) (Q2); Economics and Econometrics (Q2); Finance (Q2)";"Business, Management and Accounting; Economics, Econometrics and Finance"
86;29852;"Journal of Accounting Education";journal;"07485751";"Elsevier B.V.";No;No;0,577;Q2;51;26;71;1075;228;70;3,40;41,35;50,00;0;United Kingdom;Western Europe;"Elsevier B.V.";"1983-2026";"Accounting (Q2); Education (Q2)";"Business, Management and Accounting; Social Sciences"
87;17423;"Geneva Papers on Risk and Insurance: Issues and Practice";journal;"10185895, 14680440";"Springer Nature";No;No;0,560;Q2;46;36;105;1928;418;98;1,84;53,56;40,00;0;United States;Northern America;"Springer Nature";"1994, 1999-2026";"Accounting (Q2); Business, Management and Accounting (miscellaneous) (Q2); Economics and Econometrics (Q2); Finance (Q2)";"Business, Management and Accounting; Economics, Econometrics and Finance"
88;19600162140;"Asian Review of Accounting";journal;"17588863, 13217348";"Emerald Group Publishing Ltd.";No;No;0,556;Q2;38;70;103;5191;429;103;4,60;74,16;39,08;0;United Kingdom;Western Europe;"Emerald Group Publishing Ltd.";"1992, 1994-2026";"Accounting (Q2); Finance (Q2)";"Business, Management and Accounting; Economics, Econometrics and Finance"
89;27094;"Fiscal Studies";journal;"01435671, 14755890";"Wiley-Blackwell";No;No;0,542;Q2;54;26;85;1111;135;81;1,30;42,73;38,60;3;United States;Northern America;"Wiley-Blackwell";"1979-2026";"Accounting (Q2); Economics and Econometrics (Q2); Finance (Q2)";"Business, Management and Accounting; Economics, Econometrics and Finance"
90;19900193251;"Journal of International Accounting Research";journal;"15588025, 15426297";"American Accounting Association";No;No;0,526;Q2;34;22;64;1556;128;64;1,98;70,73;31,15;0;United States;Northern America;"American Accounting Association";"2007, 2009-2025";"Accounting (Q2); Business and International Management (Q2)";"Business, Management and Accounting"
91;21100851416;"Pacific Accounting Review";journal;"20415494, 01140582";"Emerald Group Publishing Ltd.";No;No;0,521;Q2;40;59;96;3951;345;94;2,84;66,97;45,32;0;United Kingdom;Western Europe;"Emerald Group Publishing Ltd.";"1997, 1999-2026";"Accounting (Q2); Finance (Q2)";"Business, Management and Accounting; Economics, Econometrics and Finance"
92;21101089551;"Journal of Risk and Financial Management";journal;"19118074, 19118066";"Multidisciplinary Digital Publishing Institute (MDPI)";Yes;No;0,506;Q2;69;725;1715;43542;6416;1699;3,55;60,06;35,16;3;Switzerland;Western Europe;"Multidisciplinary Digital Publishing Institute (MDPI)";"2019-2026";"Accounting (Q2); Business, Management and Accounting (miscellaneous) (Q2); Economics and Econometrics (Q2); Finance (Q2)";"Business, Management and Accounting; Economics, Econometrics and Finance"
93;19900193208;"Issues in Accounting Education";journal;"07393172, 15587983";"American Accounting Association";No;No;0,502;Q2;36;44;121;1620;282;112;2,26;36,82;45,24;0;United States;Northern America;"American Accounting Association";"2001, 2009-2026";"Accounting (Q2); Education (Q2)";"Business, Management and Accounting; Social Sciences"
94;21100375269;"International Journal of Managerial and Financial Accounting";journal;"17536715, 17536723";"Inderscience";No;No;0,496;Q3;21;24;60;1598;184;60;2,71;66,58;33,33;0;Switzerland;Western Europe;"Inderscience";"2002, 2008-2026";"Accounting (Q3)";"Business, Management and Accounting"
95;5000153701;"Risk Management and Insurance Review";journal;"15406296, 10981616";"Wiley-Blackwell Publishing Ltd";No;No;0,485;Q3;24;23;65;1391;160;62;2,50;60,48;41,30;0;United Kingdom;Western Europe;"Wiley-Blackwell Publishing Ltd";"2006-2026";"Economics and Econometrics (Q2); Finance (Q2); Accounting (Q3)";"Business, Management and Accounting; Economics, Econometrics and Finance"
96;21100887414;"China Journal of Accounting Studies";journal;"21697213, 21697221";"Taylor and Francis Ltd.";Yes;No;0,481;Q3;17;12;89;852;197;89;2,25;71,00;28,00;0;United Kingdom;Western Europe;"Taylor and Francis Ltd.";"2013-2025";"Business, Management and Accounting (miscellaneous) (Q2); Accounting (Q3)";"Business, Management and Accounting"
97;21100865931;"EC Tax Review";journal;"09282750, 18758363";"Kluwer Law International";No;No;0,479;Q3;9;24;90;901;57;76;0,65;37,54;18,52;0;Netherlands;Western Europe;"Kluwer Law International";"2018-2025";"Law (Q1); Accounting (Q3)";"Business, Management and Accounting; Social Sciences"
98;21100381232;"Social and Environmental Accountability Journal";journal;"0969160X, 21562245";"Routledge";No;No;0,472;Q3;29;24;63;1134;134;34;1,86;47,25;50,00;0;United States;Northern America;"Routledge";"1993-2026";"Accounting (Q3)";"Business, Management and Accounting"
99;21100843497;"Accounting, Economics and Law: A Convivium";journal;"21522820";"Walter de Gruyter GmbH";Yes;No;0,468;Q3;23;43;75;2015;87;75;1,33;46,86;50,00;1;Germany;Western Europe;"Walter de Gruyter GmbH";"2011-2026";"Law (Q1); Economics, Econometrics and Finance (miscellaneous) (Q2); Accounting (Q3)";"Business, Management and Accounting; Economics, Econometrics and Finance; Social Sciences"
100;19300156810;"Asia-Pacific Journal of Accounting and Economics";journal;"21642257, 16081625";"Taylor and Francis Ltd.";No;No;0,459;Q3;33;118;220;6387;527;220;2,39;54,13;42,62;1;United Kingdom;Western Europe;"Taylor and Francis Ltd.";"2000-2026";"Economics and Econometrics (Q2); Finance (Q2); Accounting (Q3)";"Business, Management and Accounting; Economics, Econometrics and Finance"
101;21100448564;"Journal of Islamic Accounting and Business Research";journal;"17590817, 17590825";"Emerald Group Publishing Ltd.";No;No;0,459;Q3;42;240;291;18207;1497;289;5,39;75,86;35,54;0;United Kingdom;Western Europe;"Emerald Group Publishing Ltd.";"2010-2026";"Business and International Management (Q2); Strategy and Management (Q2); Accounting (Q3)";"Business, Management and Accounting"
102;21100821131;"Review of Behavioral Finance";journal;"19405987, 19405979";"Emerald Group Publishing Ltd.";No;No;0,454;Q3;31;55;155;2883;538;153;3,14;52,42;29,20;0;United Kingdom;Western Europe;"Emerald Group Publishing Ltd.";"2009-2026";"Finance (Q2); Accounting (Q3); Strategy and Management (Q3)";"Business, Management and Accounting; Economics, Econometrics and Finance"
103;16525;"Journal of Portfolio Management";journal;"00954918";"Portfolio Management Research";No;No;0,449;Q3;67;122;387;3233;394;368;1,05;26,50;13,67;0;United States;Northern America;"Portfolio Management Research";"1986, 1988-1990, 1995-2026";"Business, Management and Accounting (miscellaneous) (Q2); Finance (Q2); Accounting (Q3); Economics and Econometrics (Q3)";"Business, Management and Accounting; Economics, Econometrics and Finance"
104;21101064229;"New England Journal of Entrepreneurship";journal;"1550333X, 25748904";"Emerald Publishing";Yes;Yes;0,448;Q3;22;12;30;606;78;26;3,00;50,50;54,17;0;United Kingdom;Western Europe;"Emerald Publishing";"1998-2025";"Business and International Management (Q2); Public Administration (Q2); Accounting (Q3); Economics and Econometrics (Q3); Organizational Behavior and Human Resource Management (Q3); Strategy and Management (Q3)";"Business, Management and Accounting; Economics, Econometrics and Finance; Social Sciences"
105;29804;"International Journal of Accounting";journal;"22133933, 10944060";"World Scientific Publishing Co. Pte Ltd";No;No;0,436;Q3;75;47;52;3623;115;51;1,71;77,09;28,70;0;Singapore;Asiatic Region;"World Scientific Publishing Co. Pte Ltd";"1996-2025";"Finance (Q2); Accounting (Q3)";"Business, Management and Accounting; Economics, Econometrics and Finance"
106;24380;"Journal of Financial Research";journal;"02702592, 14756803";"Wiley-Blackwell Publishing Ltd";No;No;0,436;Q3;58;95;120;5514;211;119;1,85;58,04;26,27;1;United Kingdom;Western Europe;"Wiley-Blackwell Publishing Ltd";"1978-2026";"Finance (Q2); Accounting (Q3)";"Business, Management and Accounting; Economics, Econometrics and Finance"
107;14000156207;"Accounting Perspectives";journal;"19113838, 1911382X";"John Wiley and Sons Inc";No;No;0,435;Q3;28;36;66;2770;142;61;1,76;76,94;36,92;0;Canada;Northern America;"John Wiley and Sons Inc";"2007-2026";"Finance (Q2); Accounting (Q3)";"Business, Management and Accounting; Economics, Econometrics and Finance"
108;4000152110;"Advances in Accounting";journal;"10465715, 08826110";"Emerald Publishing";No;No;0,431;Q3;49;48;89;3384;169;82;1,63;70,50;38,14;0;United States;Northern America;"Emerald Publishing";"2000-2003, 2005-2026";"Finance (Q2); Accounting (Q3)";"Business, Management and Accounting; Economics, Econometrics and Finance"
109;21100312008;"Journal of Financial Management of Property and Construction";journal;"17598443, 13664387";"Emerald Group Publishing Ltd.";No;No;0,430;Q3;35;33;70;2245;242;69;3,45;68,03;18,75;0;United Kingdom;Western Europe;"Emerald Group Publishing Ltd.";"2005-2026";"Business and International Management (Q2); Finance (Q2); Accounting (Q3); Economics and Econometrics (Q3)";"Business, Management and Accounting; Economics, Econometrics and Finance"
110;19500157310;"Investment Analysts Journal";journal;"20770227, 10293523";"Taylor and Francis Ltd.";No;No;0,428;Q3;24;48;65;2459;160;64;2,67;51,23;27,12;0;United Kingdom;Western Europe;"Taylor and Francis Ltd.";"1972-2026";"Accounting (Q3); Economics and Econometrics (Q3); Finance (Q3)";"Business, Management and Accounting; Economics, Econometrics and Finance"
111;21101057644;"Journal of Corporate Accounting and Finance";journal;"10970053, 10448136";"Wiley-Blackwell";No;No;0,421;Q3;27;81;197;3980;396;193;2,04;49,14;29,34;0;United States;Northern America;"Wiley-Blackwell";"1989-2026";"Economics, Econometrics and Finance (miscellaneous) (Q2); Accounting (Q3)";"Business, Management and Accounting; Economics, Econometrics and Finance"
112;11400153311;"Accounting History";journal;"10323732, 17493374";"SAGE Publications Ltd";No;No;0,404;Q3;36;41;92;2791;107;78;1,00;68,07;43,84;0;United Kingdom;Western Europe;"SAGE Publications Ltd";"1996-2026";"History (Q1); Accounting (Q3)";"Arts and Humanities; Business, Management and Accounting"
113;21101055871;"Bulletin for International Taxation";journal;"18195490, 23529202";"International Bureau of Fiscal Documentation (IBFD)";No;No;0,380;Q3;7;35;135;1061;37;132;0,20;30,31;27,42;0;Netherlands;Western Europe;"International Bureau of Fiscal Documentation (IBFD)";"2019-2025";"Law (Q2); Accounting (Q3); Economics and Econometrics (Q3); Finance (Q3)";"Business, Management and Accounting; Economics, Econometrics and Finance; Social Sciences"
114;21100887437;"South African Journal of Accounting Research";journal;"23763981, 10291954";"Taylor and Francis Ltd.";No;No;0,376;Q3;13;15;38;1057;93;37;2,44;70,47;45,83;0;United Kingdom;Western Europe;"Taylor and Francis Ltd.";"2018-2026";"Business, Management and Accounting (miscellaneous) (Q2); Accounting (Q3)";"Business, Management and Accounting"
115;21100886347;"Risks";journal;"22279091";"Multidisciplinary Digital Publishing Institute (MDPI)";Yes;No;0,374;Q3;45;251;662;13166;1860;652;2,79;52,45;35,08;0;Switzerland;Western Europe;"Multidisciplinary Digital Publishing Institute (MDPI)";"2013-2026";"Economics, Econometrics and Finance (miscellaneous) (Q2); Accounting (Q3); Strategy and Management (Q3)";"Business, Management and Accounting; Economics, Econometrics and Finance"
116;19700188202;"International Journal of Digital Accounting Research";journal;"15778517, 23405058";"Universidad de Huelva";No;No;0,355;Q3;20;4;18;234;62;18;3,27;58,50;42,86;0;Spain;Western Europe;"Universidad de Huelva";"2010-2025";"Information Systems and Management (Q2); Accounting (Q3); Finance (Q3)";"Business, Management and Accounting; Decision Sciences; Economics, Econometrics and Finance"
117;19700175212;"Revista Espanola de Financiacion y Contabilidad";journal;"02102412, 23320753";"Taylor and Francis Ltd.";No;No;0,353;Q3;27;24;62;1786;133;62;2,07;74,42;43,64;0;United Kingdom;Western Europe;"Taylor and Francis Ltd.";"1996-2026";"Accounting (Q3); Economics and Econometrics (Q3); Finance (Q3)";"Business, Management and Accounting; Economics, Econometrics and Finance"
118;145573;"GENEVA Risk and Insurance Review";journal;"1554964X, 15549658";"Palgrave Macmillan Ltd.";No;No;0,352;Q3;26;12;31;443;50;29;1,41;36,92;23,53;0;United Kingdom;Western Europe;"Palgrave Macmillan Ltd.";"1975-1979, 2002, 2005-2026";"Accounting (Q3); Business, Management and Accounting (miscellaneous) (Q3); Economics and Econometrics (Q3); Finance (Q3)";"Business, Management and Accounting; Economics, Econometrics and Finance"
119;21100266590;"Revista de Contabilidad-Spanish Accounting Review";journal;"19884672, 11384891";"Universidad de Murcia";Yes;Yes;0,349;Q3;31;24;78;2011;150;77;1,98;83,79;60,61;0;United Kingdom;Western Europe;"Universidad de Murcia";"2009-2025";"Accounting (Q3)";"Business, Management and Accounting"
120;4800152317;"Financial Markets and Portfolio Management";journal;"19344554, 23738529";"Springer New York";No;No;0,343;Q3;31;28;51;1199;109;48;2,29;42,82;15,25;0;United States;Northern America;"Springer New York";"2006-2026";"Accounting (Q3); Finance (Q3)";"Business, Management and Accounting; Economics, Econometrics and Finance"
121;21100199701;"Journal of European Real Estate Research";journal;"17539277, 17539269";"Emerald Group Publishing Ltd.";No;No;0,335;Q3;25;43;75;2455;118;66;1,43;57,09;25,00;0;United Kingdom;Western Europe;"Emerald Group Publishing Ltd.";"2008-2026";"Accounting (Q3); Economics and Econometrics (Q3); Finance (Q3)";"Business, Management and Accounting; Economics, Econometrics and Finance"
122;21100199108;"Contemporary Economics";journal;"23008814, 20840845";"VIZJA University";Yes;No;0,333;Q3;27;28;86;1675;172;86;2,07;59,82;45,07;0;Poland;Eastern Europe;"VIZJA University";"2011-2025";"Economics, Econometrics and Finance (miscellaneous) (Q2); Social Sciences (miscellaneous) (Q2); Accounting (Q3); Business and International Management (Q3); Business, Management and Accounting (miscellaneous) (Q3); Finance (Q3)";"Business, Management and Accounting; Economics, Econometrics and Finance; Social Sciences"
123;17700156749;"Intangible Capital";journal;"20143214, 16979818";"OmniaScience";Yes;No;0,328;Q3;27;23;81;1680;177;81;2,32;73,04;50,82;0;Spain;Western Europe;"OmniaScience";"2009-2025";"Accounting (Q3); Business and International Management (Q3); Education (Q3); Management of Technology and Innovation (Q3); Organizational Behavior and Human Resource Management (Q3); Strategy and Management (Q3)";"Business, Management and Accounting; Social Sciences"
124;19900193667;"Current Issues in Auditing";journal;"19361270";"American Accounting Association";No;No;0,322;Q3;22;17;50;438;59;41;1,06;25,76;53,85;0;United States;Northern America;"American Accounting Association";"2009-2025";"Accounting (Q3)";"Business, Management and Accounting"
125;4700152763;"Public Services Quarterly";journal;"15229114, 15228959";"Routledge";No;No;0,318;Q3;21;36;95;751;126;70;1,43;20,86;61,54;0;United States;Northern America;"Routledge";"2002-2003, 2006-2026";"Library and Information Sciences (Q2); Accounting (Q3); Public Administration (Q3)";"Business, Management and Accounting; Social Sciences"
126;8300153115;"Advances in Environmental Accounting and Management";book series;"14793598";"Emerald Group Publishing Ltd.";No;No;0,302;Q3;17;12;14;666;38;7;2,14;55,50;38,46;0;United Kingdom;Western Europe;"Emerald Group Publishing Ltd.";"2000, 2003, 2006, 2009, 2014, 2017-2020, 2022, 2024-2026";"Economics, Econometrics and Finance (miscellaneous) (Q2); Accounting (Q3); Management, Monitoring, Policy and Law (Q3)";"Business, Management and Accounting; Economics, Econometrics and Finance; Environmental Science"
127;21101136421;"Journal of the International Council for Small Business";journal;"26437015, 26437023";"Routledge";No;No;0,288;Q3;15;140;102;7929;271;101;3,42;56,64;36,18;2;United Kingdom;Western Europe;"Routledge";"2020-2026";"Accounting (Q3); Business and International Management (Q3); Business, Management and Accounting (miscellaneous) (Q3)";"Business, Management and Accounting"
128;21101043743;"Jordan Journal of Business Administration";journal;"18158633, 23086149";"University of Jordan,Deanship of Scientific Research";No;No;0,279;Q3;10;42;84;2487;173;84;1,80;59,21;27,91;0;Jordan;Middle East;"University of Jordan,Deanship of Scientific Research";"2019-2025";"Accounting (Q3); Business, Management and Accounting (miscellaneous) (Q3); Management Information Systems (Q3); Marketing (Q3)";"Business, Management and Accounting"
129;21101277759;"Journal of Governmental and Nonprofit Accounting";journal;"21553815";"American Accounting Association";No;No;0,277;Q3;4;4;15;164;15;13;1,14;41,00;22,22;0;United States;Northern America;"American Accounting Association";"2017, 2021-2025";"Accounting (Q3)";"Business, Management and Accounting"
130;21101073268;"Journal of Industrial Engineering and Engineering Management";journal;"10046062";"Zhejiang University";No;No;0,274;Q3;13;118;369;5101;373;369;0,99;43,23;36,88;0;China;Asiatic Region;"Zhejiang University";"2019-2026";"Information Systems and Management (Q2); Accounting (Q3); Business and International Management (Q3); Management of Technology and Innovation (Q3); Management Science and Operations Research (Q3); Organizational Behavior and Human Resource Management (Q3); Strategy and Management (Q3)";"Business, Management and Accounting; Decision Sciences"
131;21101284297;"Journal of Business Models";journal;"22462465";"Aalborg University press";Yes;No;0,270;Q3;13;13;55;908;71;50;1,51;69,85;38,46;0;Denmark;Western Europe;"Aalborg University press";"2020-2025";"Accounting (Q3); Business, Management and Accounting (miscellaneous) (Q3); Management of Technology and Innovation (Q3); Strategy and Management (Q3)";"Business, Management and Accounting"
132;19700182325;"Investment Management and Financial Innovations";journal;"18104967, 18129358";"LLC CPC Business Perspectives";Yes;No;0,269;Q3;33;140;364;6674;699;364;1,95;47,67;35,44;0;Ukraine;Eastern Europe;"LLC CPC Business Perspectives";"2004-2026";"Law (Q2); Accounting (Q3); Business and International Management (Q3); Economics and Econometrics (Q3); Finance (Q3); Strategy and Management (Q3)";"Business, Management and Accounting; Economics, Econometrics and Finance; Social Sciences"
133;21101075855;"Journal of Indonesian Economy and Business";journal;"23385847, 20858272";"Gadjah Mada University";Yes;Yes;0,260;Q3;12;20;45;1241;85;45;1,80;62,05;63,41;0;Indonesia;Asiatic Region;"Gadjah Mada University";"2019-2026";"Accounting (Q3); Business and International Management (Q3); Business, Management and Accounting (miscellaneous) (Q3); Economics and Econometrics (Q3); Management Information Systems (Q3); Management of Technology and Innovation (Q3)";"Business, Management and Accounting; Economics, Econometrics and Finance"
134;21100388306;"Accounting Historians Journal";journal;"01484184, 23274468";"American Accounting Association";No;No;0,256;Q3;29;18;55;1351;33;49;0,62;75,06;38,46;0;United States;Northern America;"American Accounting Association";"1974-2025";"History (Q1); Accounting (Q3)";"Arts and Humanities; Business, Management and Accounting"
135;21100199113;"Asian Journal of Business and Accounting";journal;"21803137, 19854064";"Faculty of Business and Economics,University of Malaya";No;No;0,255;Q3;21;10;65;863;100;60;1,37;86,30;20,00;0;Malaysia;Asiatic Region;"Faculty of Business and Economics,University of Malaya";"2008-2026";"Accounting (Q3); Business and International Management (Q3)";"Business, Management and Accounting"
136;21101210639;"Florida Tax Review";journal;"10663487, 24761699";"University of Florida Press";No;No;0,239;Q3;5;8;43;43;19;43;0,36;5,38;27,27;0;United States;Northern America;"University of Florida Press";"2019-2025";"Accounting (Q3); Finance (Q3); Law (Q3)";"Business, Management and Accounting; Economics, Econometrics and Finance; Social Sciences"
137;21101072352;"Journal of Tax Reform";journal;"24128872, 24149497";"Ural Federal University";Yes;Yes;0,235;Q3;9;48;84;2321;150;84;2,03;48,35;32,93;0;Russian Federation;Eastern Europe;"Ural Federal University";"2019-2025";"Accounting (Q3); Business, Management and Accounting (miscellaneous) (Q3); Finance (Q3); Law (Q3); Economics and Econometrics (Q4)";"Business, Management and Accounting; Economics, Econometrics and Finance; Social Sciences"
138;21101273214;"Corporate Governance and Sustainability Review";journal;"2519898X, 25198971";"Virtus Interpress";No;No;0,231;Q3;8;65;52;3483;83;44;1,92;53,58;46,43;0;Ukraine;Eastern Europe;"Virtus Interpress";"2021-2026";"Accounting (Q3); Strategy and Management (Q3); Economics and Econometrics (Q4); Organizational Behavior and Human Resource Management (Q4)";"Business, Management and Accounting; Economics, Econometrics and Finance"
139;4700152235;"International Journal of Accounting, Auditing and Performance Evaluation";journal;"17408008, 17408016";"Inderscience Enterprises Ltd";No;No;0,226;Q3;22;33;56;2234;112;56;2,25;67,70;42,35;0;United Kingdom;Western Europe;"Inderscience Enterprises Ltd";"2004-2025";"Accounting (Q3); Finance (Q3); Organizational Behavior and Human Resource Management (Q4)";"Business, Management and Accounting; Economics, Econometrics and Finance"
140;21101212235;"Canadian Tax Journal";journal;"00085111";"Canadian Tax Foundation";No;No;0,217;Q3;5;35;130;419;50;112;0,34;11,97;27,08;0;Canada;Northern America;"Canadian Tax Foundation";"2020-2025";"Accounting (Q3); Law (Q3); Finance (Q4)";"Business, Management and Accounting; Economics, Econometrics and Finance; Social Sciences"
141;21100892782;"Journal of Payments Strategy and Systems";journal;"17501806, 17501814";"Henry Stewart Publications";No;No;0,209;Q4;11;34;107;913;67;95;0,72;26,85;16,98;0;United Kingdom;Western Europe;"Henry Stewart Publications";"2018-2025";"Information Systems and Management (Q3); Accounting (Q4); Information Systems (Q4); Management Information Systems (Q4)";"Business, Management and Accounting; Computer Science; Decision Sciences"
142;21100787105;"Journal of Environmental Accounting and Management";journal;"23256206, 23256192";"L and H Scientific Publishing, LLC";No;No;0,207;Q4;18;24;88;1158;74;88;0,79;48,25;30,43;0;United States;Northern America;"L and H Scientific Publishing, LLC";"2013-2025";"Urban Studies (Q3); Accounting (Q4); Ecological Modeling (Q4); Ecology (Q4); Management, Monitoring, Policy and Law (Q4); Strategy and Management (Q4)";"Business, Management and Accounting; Environmental Science; Social Sciences"
143;21100894527;"Brazilian Business Review";journal;"18082386";"FUCAPE Business School";Yes;Yes;0,203;Q4;15;5;147;261;137;142;0,85;52,20;46,67;0;Brazil;Latin America;"FUCAPE Business School";"2017-2026";"Accounting (Q4); Business and International Management (Q4); Economics and Econometrics (Q4); Management of Technology and Innovation (Q4); Strategy and Management (Q4)";"Business, Management and Accounting; Economics, Econometrics and Finance"
144;21100945159;"Journal of Law, Finance, and Accounting";journal;"23805013, 23805005";"Now Publishers Inc";No;No;0,203;Q4;11;0;13;0;8;13;0,56;0,00;0,00;0;United States;Northern America;"Now Publishers Inc";"2016-2024";"Law (Q3); Accounting (Q4); Finance (Q4)";"Business, Management and Accounting; Economics, Econometrics and Finance; Social Sciences"
145;21101247623;"Cronica Tributaria";journal;"26957566";"Instituto de Estudios Fiscales";Yes;Yes;0,201;Q4;4;27;81;686;13;63;0,19;25,41;35,71;0;Spain;Western Europe;"Instituto de Estudios Fiscales";"2019-2025";"Economics, Econometrics and Finance (miscellaneous) (Q3); Law (Q3); Accounting (Q4); Finance (Q4)";"Business, Management and Accounting; Economics, Econometrics and Finance; Social Sciences"
146;19900192338;"Accounting History Review";journal;"21552851, 2155286X";"Routledge";No;No;0,199;Q4;29;16;24;1380;15;22;0,44;86,25;21,43;0;United Kingdom;Western Europe;"Routledge";"2011-2025";"History (Q2); Accounting (Q4); Business, Management and Accounting (miscellaneous) (Q4)";"Arts and Humanities; Business, Management and Accounting"
147;19400158801;"Asian Academy of Management Journal of Accounting and Finance";journal;"21804192, 18234992";"Penerbit Universiti Sains Malaysia";Yes;Yes;0,198;Q4;22;20;61;1570;60;55;1,15;78,50;37,74;0;Malaysia;Asiatic Region;"Penerbit Universiti Sains Malaysia";"2006, 2009-2025";"Accounting (Q4); Finance (Q4)";"Business, Management and Accounting; Economics, Econometrics and Finance"
148;21101329152;"Accounting and Financial Control";journal;"25441450, 25435485";"LLC CPC Business Perspectives";Yes;No;0,193;Q4;2;13;8;583;12;8;1,50;44,85;47,22;0;Ukraine;Eastern Europe;"LLC CPC Business Perspectives";"2024-2026";"Economics, Econometrics and Finance (miscellaneous) (Q3); Law (Q3); Accounting (Q4); Business and International Management (Q4); Business, Management and Accounting (miscellaneous) (Q4)";"Business, Management and Accounting; Economics, Econometrics and Finance; Social Sciences"
149;15089;"Finance a Uver - Czech Journal of Economics and Finance";journal;"00151920";"Faculty of Social Sciences, Charles University";Yes;No;0,192;Q4;25;16;49;874;40;48;0,72;54,63;33,33;0;Czech Republic;Eastern Europe;"Faculty of Social Sciences, Charles University";"1996-2025";"Accounting (Q4); Economics and Econometrics (Q4); Finance (Q4)";"Business, Management and Accounting; Economics, Econometrics and Finance"
150;21101041870;"Management and Accounting Review";journal;"26007975";"";No;No;0,192;Q4;10;57;135;3486;123;135;0,68;61,16;48,00;0;Malaysia;Asiatic Region;"";"2018-2025";"Accounting (Q4); Economics and Econometrics (Q4); Finance (Q4); Strategy and Management (Q4)";"Business, Management and Accounting; Economics, Econometrics and Finance"
151;19900193627;"eJournal of Tax Research";journal;"14482398";"University of New South Wales";No;No;0,190;Q4;15;7;45;631;31;45;0,65;90,14;38,46;0;Australia;Pacific Region;"University of New South Wales";"2011-2025";"Accounting (Q4); Economics and Econometrics (Q4); Finance (Q4)";"Business, Management and Accounting; Economics, Econometrics and Finance"
152;6800153108;"Jurnal Pengurusan";journal;"01272713";"Penerbit Universiti Kebangsaan Malaysia";No;No;0,186;Q4;22;17;95;1399;80;95;0,69;82,29;48,72;0;Malaysia;Asiatic Region;"Penerbit Universiti Kebangsaan Malaysia";"2006-2025";"Accounting (Q4); Business and International Management (Q4); Business, Management and Accounting (miscellaneous) (Q4)";"Business, Management and Accounting"
153;21101252462;"Review of Business and Economics Studies";journal;"2308944X, 23110279";"Financial University under The Government of Russian Federation";Yes;Yes;0,186;Q4;7;28;79;1236;99;77;1,58;44,14;43,75;0;Russian Federation;Eastern Europe;"Financial University under The Government of Russian Federation";"2020-2025";"Economics, Econometrics and Finance (miscellaneous) (Q3); Accounting (Q4)";"Business, Management and Accounting; Economics, Econometrics and Finance"
154;21100407629;"Revista Contabilidade e Financas";journal;"1808057X, 15197077";"Universidade de Sao Paulo. Museu de Zoologia";Yes;Yes;0,181;Q4;15;27;144;1073;82;133;0,55;39,74;31,11;0;Brazil;Latin America;"Universidade de Sao Paulo. Museu de Zoologia";"2015-2025";"Accounting (Q4); Finance (Q4)";"Business, Management and Accounting; Economics, Econometrics and Finance"
155;21101023274;"Finance";journal;"21010145, 07526180";"Presses Universitaires de Grenoble";No;No;0,178;Q4;4;0;20;0;6;19;0,31;0,00;0,00;0;France;Western Europe;"Presses Universitaires de Grenoble";"2019-2024";"Accounting (Q4); Economics and Econometrics (Q4); Finance (Q4); Marketing (Q4)";"Business, Management and Accounting; Economics, Econometrics and Finance"
156;21101089401;"Business Management";journal;"25348396, 08616604";"Dimitar A Tsenov Academy of Economics";No;No;0,177;Q4;5;24;68;773;68;66;0,92;32,21;49,21;0;Bulgaria;Eastern Europe;"Dimitar A Tsenov Academy of Economics";"2022-2025";"Economics, Econometrics and Finance (miscellaneous) (Q3); Accounting (Q4); Business and International Management (Q4); Marketing (Q4); Organizational Behavior and Human Resource Management (Q4); Strategy and Management (Q4)";"Business, Management and Accounting; Economics, Econometrics and Finance"
157;21100198553;"International Journal of Banking, Accounting and Finance";journal;"17553830, 17553849";"Inderscience";No;No;0,175;Q4;14;16;38;1191;24;38;0,79;74,44;23,68;0;Switzerland;Western Europe;"Inderscience";"2008-2025";"Accounting (Q4); Economics and Econometrics (Q4); Finance (Q4)";"Business, Management and Accounting; Economics, Econometrics and Finance"
158;21100935074;"British Tax Review";journal;"00071870";"Thomson Reuters";No;No;0,174;Q4;5;49;129;1242;31;85;0,28;25,35;40,91;0;United States;Northern America;"Thomson Reuters";"2019-2025";"Law (Q3); Accounting (Q4); Finance (Q4)";"Business, Management and Accounting; Economics, Econometrics and Finance; Social Sciences"
159;21100842860;"Revista Finanzas y Politica Economica";journal;"22486046, 20117663";"Universidad Catolica de Colombia";Yes;Yes;0,173;Q4;10;18;60;888;47;54;0,70;49,33;34,21;0;Colombia;Latin America;"Universidad Catolica de Colombia";"2015-2025";"Accounting (Q4); Economics and Econometrics (Q4); Finance (Q4); Marketing (Q4); Strategy and Management (Q4)";"Business, Management and Accounting; Economics, Econometrics and Finance"
160;17500155131;"Journal of Business Valuation and Economic Loss Analysis";journal;"19329156";"Walter de Gruyter GmbH";No;No;0,168;Q4;10;2;7;53;9;7;0,33;26,50;50,00;0;Germany;Western Europe;"Walter de Gruyter GmbH";"2009-2025";"Accounting (Q4); Business and International Management (Q4); Economics and Econometrics (Q4); Finance (Q4); Strategy and Management (Q4)";"Business, Management and Accounting; Economics, Econometrics and Finance"
161;21101147596;"Zeszyty Teoretyczne Rachunkowosci";journal;"2391677X, 16414381";"Scientific Council of the Accountants Association in Poland";Yes;No;0,159;Q4;7;46;128;1783;94;118;0,68;38,76;64,00;0;Poland;Eastern Europe;"Scientific Council of the Accountants Association in Poland";"2022-2025";"Accounting (Q4); Business, Management and Accounting (miscellaneous) (Q4); Finance (Q4)";"Business, Management and Accounting; Economics, Econometrics and Finance"
162;19900193215;"Accounting and the Public Interest";journal;"15309320";"American Accounting Association";No;No;0,156;Q4;14;7;14;424;10;14;0,77;60,57;52,63;0;United States;Northern America;"American Accounting Association";"2009-2025";"Accounting (Q4)";"Business, Management and Accounting"
163;21100275828;"Comptabilite Controle Audit";journal;"12622788";"Francophone Association of Accounting";No;No;0,156;Q4;14;0;18;0;9;18;0,40;0,00;0,00;0;France;Western Europe;"Francophone Association of Accounting";"2012-2024";"Accounting (Q4); Finance (Q4)";"Business, Management and Accounting; Economics, Econometrics and Finance"
164;17500154910;"Afro-Asian Journal of Finance and Accounting";journal;"17516455, 17516447";"Inderscience Enterprises Ltd";No;No;0,155;Q4;17;37;120;2324;76;120;0,67;62,81;36,49;0;United Kingdom;Western Europe;"Inderscience Enterprises Ltd";"2008-2026";"Accounting (Q4); Finance (Q4)";"Business, Management and Accounting; Economics, Econometrics and Finance"
165;11600153630;"Innovar";journal;"22486968, 01215051";"Universidad Nacional de Colombia";Yes;Yes;0,150;Q4;20;46;133;3058;91;120;0,61;66,48;49,48;1;Colombia;Latin America;"Universidad Nacional de Colombia";"2008-2026";"Accounting (Q4); Marketing (Q4); Public Administration (Q4); Sociology and Political Science (Q4); Strategy and Management (Q4)";"Business, Management and Accounting; Social Sciences"
166;21101313386;"Finance Controle Strategie";journal;"22615512";"OpenEditions Journals";No;No;0,148;Q4;3;6;66;290;19;53;0,16;48,33;37,50;0;France;Western Europe;"OpenEditions Journals";"2021-2025";"Accounting (Q4); Business, Management and Accounting (miscellaneous) (Q4); Strategy and Management (Q4)";"Business, Management and Accounting"
167;21101021921;"Journal of Property Tax Assessment and Administration";journal;"15483606, 13571419";"International Association of Assessing Officers";No;No;0,147;Q4;5;6;23;227;16;23;0,20;37,83;14,29;0;United States;Northern America;"International Association of Assessing Officers";"2019-2025";"Law (Q3); Accounting (Q4); Economics and Econometrics (Q4); Finance (Q4)";"Business, Management and Accounting; Economics, Econometrics and Finance; Social Sciences"
168;21100896203;"Finance India";journal;"09703772";"Indian Institute of Finance";No;No;0,145;Q4;9;49;190;2367;64;190;0,43;48,31;36,67;0;India;Asiatic Region;"Indian Institute of Finance";"2018-2025";"Accounting (Q4); Finance (Q4)";"Business, Management and Accounting; Economics, Econometrics and Finance"
169;21101393337;"Iranian Journal of Accounting, Auditing and Finance";journal;"27174131, 25886142";"Ferdowsi University of Mashhad";No;No;0,141;Q4;4;40;83;1901;37;83;0,51;47,53;12,20;0;Iran;Middle East;"Ferdowsi University of Mashhad";"2022-2026";"Accounting (Q4); Artificial Intelligence (Q4); Business, Management and Accounting (miscellaneous) (Q4); Finance (Q4); Information Systems and Management (Q4); Organizational Behavior and Human Resource Management (Q4)";"Business, Management and Accounting; Computer Science; Decision Sciences; Economics, Econometrics and Finance"
170;21100910935;"Journal of Accounting Review";journal;"10181687";"Journal Of Accounting Review";No;No;0,141;Q4;3;8;25;583;11;25;0,47;72,88;28,57;0;Taiwan;Asiatic Region;"Journal Of Accounting Review";"2018-2026";"Accounting (Q4); Business, Management and Accounting (miscellaneous) (Q4)";"Business, Management and Accounting"
171;21101039609;"Korean Accounting Review";journal;"25087193, 12293288";"Korean Accounting Association";No;No;0,141;Q4;5;39;108;2570;48;108;0,34;65,90;46,03;0;South Korea;Asiatic Region;"Korean Accounting Association";"2019-2025";"Accounting (Q4)";"Business, Management and Accounting"
172;21101091129;"China Biotechnology";journal;"16718135";"";No;No;0,140;Q4;7;79;441;4354;160;440;0,32;55,11;46,33;0;China;Asiatic Region;"";"2019-2025";"Accounting (Q4); Business, Management and Accounting (miscellaneous) (Q4); Development (Q4); Economics, Econometrics and Finance (miscellaneous) (Q4)";"Business, Management and Accounting; Economics, Econometrics and Finance; Social Sciences"
173;21101026989;"International Real Estate Review";journal;"21548919";"Global Social Science Institute";No;No;0,139;Q4;20;11;63;460;22;61;0,24;41,82;33,33;0;United States;Northern America;"Global Social Science Institute";"1998-2025";"Accounting (Q4); Demography (Q4); Economics and Econometrics (Q4); Finance (Q4); Geography, Planning and Development (Q4); Urban Studies (Q4)";"Business, Management and Accounting; Economics, Econometrics and Finance; Social Sciences"
174;19900191976;"DLSU Business and Economics Review";journal;"01167111, 2243786X";"De la Salle University";No;No;0,138;Q4;16;19;69;820;35;68;0,36;43,16;43,75;0;Philippines;Asiatic Region;"De la Salle University";"2008-2025";"Accounting (Q4); Economics, Econometrics and Finance (miscellaneous) (Q4); Marketing (Q4); Strategy and Management (Q4)";"Business, Management and Accounting; Economics, Econometrics and Finance"
175;21100890298;"Journal of the Australasian Tax Teachers Association";journal;"1832911X";"Australasian Tax Teachers' Association";Yes;No;0,134;Q4;6;11;22;562;8;18;0,25;51,09;62,50;0;Australia;Pacific Region;"Australasian Tax Teachers' Association";"2018-2025";"Accounting (Q4); Finance (Q4); Law (Q4)";"Business, Management and Accounting; Economics, Econometrics and Finance; Social Sciences"
176;21101303302;"Beta";journal;"15043134";"Scandinavian University Press";No;No;0,133;Q4;2;4;17;288;7;16;0,20;72,00;50,00;0;Norway;Western Europe;"Scandinavian University Press";"2021-2025";"Accounting (Q4); Business, Management and Accounting (miscellaneous) (Q4); Economics, Econometrics and Finance (miscellaneous) (Q4); Finance (Q4)";"Business, Management and Accounting; Economics, Econometrics and Finance"
177;21100238636;"ATA Journal of Legal Tax Research";journal;"1543866X";"American Accounting Association";No;No;0,124;Q4;4;8;11;281;6;11;0,57;35,13;26,67;0;United States;Northern America;"American Accounting Association";"2011-2016, 2018-2025";"Accounting (Q4); Finance (Q4); Law (Q4)";"Business, Management and Accounting; Economics, Econometrics and Finance; Social Sciences"
178;19500157308;"Zeitschrift fur die gesamte Versicherungswissenschaft";journal;"00442585, 18659748";"Duncker und Humblot GmbH";Yes;Yes;0,123;Q4;13;14;51;579;15;50;0,17;41,36;27,27;0;Germany;Western Europe;"Duncker und Humblot GmbH";"1979-1996, 2005-2006, 2008-2025";"Accounting (Q4); Economics and Econometrics (Q4); Finance (Q4)";"Business, Management and Accounting; Economics, Econometrics and Finance"
179;21101293926;"Pan-African Journal of Education and Social Sciences";journal;"27890058, 27890066";"Adventist University of Africa";Yes;No;0,122;Q4;2;18;50;888;15;50;0,25;49,33;26,92;0;Kenya;Africa;"Adventist University of Africa";"2021-2025";"Accounting (Q4); Marketing (Q4); Organizational Behavior and Human Resource Management (Q4); Strategy and Management (Q4)";"Business, Management and Accounting"
180;19700174746;"Custos e Agronegocio";journal;"18082882";"Universidade Federal Rural de Pernambuco";Yes;Yes;0,121;Q4;16;0;176;0;50;169;0,27;0,00;0,00;0;Brazil;Latin America;"Universidade Federal Rural de Pernambuco";"2009-2024";"Accounting (Q4); Agronomy and Crop Science (Q4); Business, Management and Accounting (miscellaneous) (Q4)";"Agricultural and Biological Sciences; Business, Management and Accounting"
181;21100967078;"Journal of Australian Taxation";journal;"14400405, 22086773";"Journal of Australian Taxation Pty Ltd";No;No;0,115;Q4;4;0;31;0;6;25;0,06;0,00;0,00;0;Australia;Pacific Region;"Journal of Australian Taxation Pty Ltd";"2019-2020, 2022-2024";"Accounting (Q4); Finance (Q4)";"Business, Management and Accounting; Economics, Econometrics and Finance"
182;21101068581;"Revista de Contabilidade e Organizacoes";journal;"19826486";"Universidade De Sao Paulo";Yes;Yes;0,114;Q4;5;11;59;410;13;51;0,23;37,27;36,00;0;Brazil;Latin America;"Universidade De Sao Paulo";"2019-2025";"Accounting (Q4); Education (Q4); Management of Technology and Innovation (Q4); Organizational Behavior and Human Resource Management (Q4)";"Business, Management and Accounting; Social Sciences"
183;21101162523;"Rivista Italiana di Ragioneria e di Economia Aziendale";journal;"22815864, 15939154";"Casa Editrice Rirea";No;No;0,113;Q4;4;14;57;1139;6;49;0,05;81,36;51,85;0;Italy;Western Europe;"Casa Editrice Rirea";"2019-2025";"Accounting (Q4); Business, Management and Accounting (miscellaneous) (Q4)";"Business, Management and Accounting"
184;21100862481;"ACRN Journal of Finance and Risk Perspectives";journal;"23057394";"ACRN Oxford Ltd.";Yes;No;0,109;Q4;9;0;10;0;7;10;0,25;0,00;0,00;0;United Kingdom;Western Europe;"ACRN Oxford Ltd.";"2017-2023";"Accounting (Q4); Business and International Management (Q4); Finance (Q4); Statistics, Probability and Uncertainty (Q4)";"Business, Management and Accounting; Decision Sciences; Economics, Econometrics and Finance"
185;21101021168;"Accounting, Finance, Sustainability, Governance and Fraud";book series;"25097881, 25097873";"Springer";No;No;0,105;Q4;12;74;275;2827;143;6;0,33;38,20;0,00;0;Singapore;Asiatic Region;"Springer";"2017-2026";"Accounting (Q4); Finance (Q4)";"Business, Management and Accounting; Economics, Econometrics and Finance"
186;21101136672;"Revista de Gestion Publica";journal;"07191839";"Universidad de Valparaiso";No;No;0,105;Q4;3;4;27;172;4;25;0,12;43,00;36,36;0;Chile;Latin America;"Universidad de Valparaiso";"2019-2025";"Accounting (Q4); Business and International Management (Q4); Business, Management and Accounting (miscellaneous) (Q4); Industrial Relations (Q4); Management Information Systems (Q4); Management of Technology and Innovation (Q4); Marketing (Q4); Organizational Behavior and Human Resource Management (Q4); Strategy and Management (Q4); Tourism, Leisure and Hospitality Management (Q4)";"Business, Management and Accounting"
187;4000152116;"Advances in Accounting Behavioral Research";book series;"14751488";"Emerald Group Publishing Ltd.";No;No;;-;15;13;38;408;20;0;0,44;31,38;0,00;0;United Kingdom;Western Europe;"Emerald Group Publishing Ltd.";"2000-2006, 2008-2026";"Accounting; Management Science and Operations Research";"Business, Management and Accounting; Decision Sciences"
188;4000152118;"Advances in Financial Economics";book series;"15693732";"Emerald Group Publishing Ltd.";No;No;;-;16;8;7;235;8;0;0,00;29,38;0,00;0;United Kingdom;Western Europe;"Emerald Group Publishing Ltd.";"2001-2005, 2007, 2009, 2011-2015, 2017-2018, 2022, 2025-2026";"Accounting; Economics, Econometrics and Finance (miscellaneous); Finance";"Business, Management and Accounting; Economics, Econometrics and Finance"
189;4100151511;"Advances in Management Accounting";book series;"14747871";"Emerald Group Publishing Ltd.";No;No;;-;20;35;23;1675;28;0;1,22;47,86;43,75;0;United Kingdom;Western Europe;"Emerald Group Publishing Ltd.";"2003-2008, 2010-2021, 2023-2026";"Accounting; Business, Management and Accounting (miscellaneous)";"Business, Management and Accounting"
190;4000152115;"Advances in Public Interest Accounting";book series;"10417060";"Emerald Group Publishing Ltd.";No;No;;-;13;7;0;0;0;0;0,00;0,00;100,00;0;United Kingdom;Western Europe;"Emerald Group Publishing Ltd.";"2001-2002, 2004-2007, 2009-2010, 2013-2017, 2019-2020, 2025-2026";"Accounting; Sociology and Political Science";"Business, Management and Accounting; Social Sciences"
191;21101373420;"China Accounting and Finance Review";journal;"23073055";"Emerald Publishing";Yes;No;;-;2;20;0;1504;0;0;0,00;75,20;40,74;0;United Kingdom;Western Europe;"Emerald Publishing";"2025";"Accounting; Business, Management and Accounting (miscellaneous); Economics, Econometrics and Finance (miscellaneous); Finance";"Business, Management and Accounting; Economics, Econometrics and Finance"
192;21101163371;"Financial and Credit Activity: Problems of Theory and Practice (discontinued)";journal;"23064994, 23108770";"Fintech Aliance LLC";Yes;No;;-;17;171;736;5927;838;736;1,26;34,66;55,95;0;Ukraine;Eastern Europe;"Fintech Aliance LLC";"2022-2025";"Accounting; Business, Management and Accounting (miscellaneous); Economics and Econometrics; Finance";"Business, Management and Accounting; Economics, Econometrics and Finance"
193;21101392302;"Journal of Sustainable Finance and Accounting";journal;"29503701";"Elsevier B.V.";No;No;;-;3;11;0;978;0;0;0,00;88,91;9,52;0;Netherlands;Western Europe;"Elsevier B.V.";"2025";"Accounting; Business, Management and Accounting (miscellaneous); Finance; Renewable Energy, Sustainability and the Environment";"Business, Management and Accounting; Economics, Econometrics and Finance; Energy"
194;21100296641;"Research on Professional Responsibility and Ethics in Accounting";book series;"15740765";"Emerald Group Publishing Ltd.";No;No;;-;12;12;9;127;4;0;0,44;10,58;0,00;0;United Kingdom;Western Europe;"Emerald Group Publishing Ltd.";"2007-2008, 2010-2016, 2018-2021, 2024-2026";"Accounting; Psychology (miscellaneous)";"Business, Management and Accounting; Psychology"
195;21100296637;"Studies in Managerial and Financial Accounting";book series;"14793512";"Emerald Group Publishing Ltd.";No;No;;-;15;29;38;1645;108;0;3,18;56,72;40,00;0;United Kingdom;Western Europe;"Emerald Group Publishing Ltd.";"2008-2018, 2020, 2022, 2024-2026";"Accounting; Business, Management and Accounting (miscellaneous)";"Business, Management and Accounting"
196;21100818515;"Studies in the Development of Accounting Thought";book series;"14793504";"Emerald Group Publishing Ltd.";No;No;;-;1;1;0;695;0;0;0,00;695,00;0,00;0;United Kingdom;Western Europe;"Emerald Group Publishing Ltd.";"2016-2020, 2025-2026";"Accounting";"Business, Management and Accounting"
