researcher_id,researcher_name,publication_id,relationship_source,researcher_match_method,researcher_match_confidence,requires_review,review_reason,openalex_work_id,openalex_match_method,openalex_match_confidence,openalex_candidate_count,openalex_requires_review,openalex_review_reason,cited_by_count,fwci,citation_percentile,openalex_retrieved_at
unimelb-finance-001,Dr Gil Aharoni,unimelb-pub-39a6d6870d270946,University of Melbourne Minerva author metadata,exact_orcid,high,false,,,unmatched,none,0,true,No OpenAlex work match,,,,2026-08-29T03:05:51.808Z
unimelb-finance-001,Dr Gil Aharoni,unimelb-pub-a21c435db97b9f83,University of Melbourne Minerva author metadata,exact_orcid,high,false,,,unmatched,none,0,true,No OpenAlex work match,,,,2026-08-29T03:05:51.808Z
unimelb-finance-002,Dr Attila Balogh,unimelb-pub-94416679dbd70276,University of Melbourne Minerva author metadata,exact_orcid,high,false,,W4412516633,exact_doi,high,1,false,,0,0,0.09066297,2026-08-29T03:05:51.808Z
unimelb-finance-002,Dr Attila Balogh,unimelb-pub-84a30eed450ddbe2,University of Melbourne Minerva author metadata,exact_orcid,high,false,,W4367053935,exact_doi,high,1,false,,5,,,2026-08-29T03:05:51.808Z
unimelb-finance-002,Dr Attila Balogh,unimelb-pub-e252e2a2edceefd0,University of Melbourne Minerva author metadata,exact_orcid,high,false,,W4213327529,exact_doi,high,1,false,,13,2.7679,0.90248696,2026-08-29T03:05:51.808Z
unimelb-finance-003,Dr Elizabeth Bowman,unimelb-pub-16232283efeef0c7,University of Melbourne Minerva author metadata,exact_normalized_full_name,medium,true,Name-only repository relationship; persistent identifier unavailable,,unmatched,none,0,true,No OpenAlex work match,,,,2026-08-29T03:05:51.808Z
unimelb-finance-003,Dr Elizabeth Bowman,unimelb-pub-db6b77807348895b,University of Melbourne Minerva author metadata,exact_normalized_full_name,medium,true,Name-only repository relationship; persistent identifier unavailable,,unmatched,none,0,true,No OpenAlex work match,,,,2026-08-29T03:05:51.808Z
unimelb-finance-003,Dr Elizabeth Bowman,unimelb-pub-6bc5fb85cfacba2f,University of Melbourne Minerva author metadata,exact_normalized_full_name,medium,true,Name-only repository relationship; persistent identifier unavailable,,unmatched,none,0,true,No OpenAlex work match,,,,2026-08-29T03:05:51.808Z
unimelb-finance-003,Dr Elizabeth Bowman,unimelb-pub-0ac51fa05af0ebfe,University of Melbourne Minerva author metadata,exact_normalized_full_name,medium,true,Name-only repository relationship; persistent identifier unavailable,,unmatched,none,0,true,No OpenAlex work match,,,,2026-08-29T03:05:51.808Z
unimelb-finance-003,Dr Elizabeth Bowman,unimelb-pub-ec6269b28e314829,University of Melbourne Minerva author metadata,exact_normalized_full_name,medium,true,Name-only repository relationship; persistent identifier unavailable,,unmatched,none,0,true,No OpenAlex work match,,,,2026-08-29T03:05:51.808Z
unimelb-finance-004,Associate Professor James Brugler,unimelb-pub-e94da19b59ea9b87,University of Melbourne Minerva author metadata,exact_orcid,high,false,,W4402483921,exact_doi,high,1,false,,1,0.6986,0.76147663,2026-08-29T03:05:51.808Z
unimelb-finance-004,Associate Professor James Brugler,unimelb-pub-e1550281807a9d26,University of Melbourne Minerva author metadata,exact_orcid,high,false,,W4408915171,exact_doi,high,1,false,,2,2.4403,0.87031213,2026-08-29T03:05:51.808Z
unimelb-finance-004,Associate Professor James Brugler,unimelb-pub-5239d24e551c87a8,University of Melbourne Minerva author metadata,exact_orcid,high,false,,W4410739187,exact_doi,high,1,false,,2,1.2202,0.76322824,2026-08-29T03:05:51.808Z
unimelb-finance-004,Associate Professor James Brugler,unimelb-pub-5faead8f241e8f46,University of Melbourne Minerva author metadata,exact_orcid,high,false,,W2922084013,exact_doi,high,1,false,,0,,,2026-08-29T03:05:51.808Z
unimelb-finance-004,Associate Professor James Brugler,unimelb-pub-b13e5dd7dd20f1bd,University of Melbourne Minerva author metadata,exact_orcid,high,false,,W3122743821,exact_doi,high,1,false,,11,1.1336,0.81641021,2026-08-29T03:05:51.808Z
unimelb-finance-004,Associate Professor James Brugler,unimelb-pub-f3d02309b4effa46,University of Melbourne Minerva author metadata,exact_orcid,high,false,,W3123205415,exact_doi,high,1,false,,6,1.0917,0.81090597,2026-08-29T03:05:51.808Z
unimelb-finance-006,Professor Carole Comerton-Forde,unimelb-pub-5239d24e551c87a8,University of Melbourne Minerva author metadata,exact_orcid,high,false,,W4410739187,exact_doi,high,1,false,,2,1.2202,0.76322824,2026-08-29T03:05:51.808Z
unimelb-finance-006,Professor Carole Comerton-Forde,unimelb-pub-60a58888bc6d2483,University of Melbourne Minerva author metadata,exact_orcid,high,false,,W4410230020,exact_doi,high,1,false,,1,1.2095,0.75721323,2026-08-29T03:05:51.808Z
unimelb-finance-006,Professor Carole Comerton-Forde,unimelb-pub-910d448318acf57e,University of Melbourne Minerva author metadata,exact_orcid,high,false,,,unmatched,none,0,true,No OpenAlex work match,,,,2026-08-29T03:05:51.808Z
unimelb-finance-006,Professor Carole Comerton-Forde,unimelb-pub-35dd7a9f40202ae5,University of Melbourne Minerva author metadata,exact_orcid,high,false,,,unmatched,none,0,true,No OpenAlex work match,,,,2026-08-29T03:05:51.808Z
unimelb-finance-006,Professor Carole Comerton-Forde,unimelb-pub-faa737e1d8f56ec8,University of Melbourne Minerva author metadata,exact_orcid,high,false,,W4394881644,exact_doi,high,1,false,,101,64.9853,1,2026-08-29T03:05:51.808Z
unimelb-finance-006,Professor Carole Comerton-Forde,unimelb-pub-65a08dff28ad5ebb,University of Melbourne Minerva author metadata,exact_orcid,high,false,,,unmatched,none,0,true,No OpenAlex work match,,,,2026-08-29T03:05:51.808Z
unimelb-finance-006,Professor Carole Comerton-Forde,unimelb-pub-8d0438dc3961fb24,University of Melbourne Minerva author metadata,exact_orcid,high,false,,W4385934881,exact_normalized_title_year,medium,1,false,,1,,,2026-08-29T03:05:51.808Z
unimelb-finance-006,Professor Carole Comerton-Forde,unimelb-pub-37260b3ea4a7c283,University of Melbourne Minerva author metadata,exact_orcid,high,false,,W4375810298,exact_normalized_title_year,medium,1,false,,4,,,2026-08-29T03:05:51.808Z
unimelb-finance-006,Professor Carole Comerton-Forde,unimelb-pub-60dba668162ce1fb,University of Melbourne Minerva author metadata,exact_orcid,high,false,,W3123107730,exact_doi,high,1,false,,1,0.3092,0.67562558,2026-08-29T03:05:51.808Z
unimelb-finance-006,Professor Carole Comerton-Forde,unimelb-pub-5faead8f241e8f46,University of Melbourne Minerva author metadata,exact_orcid,high,false,,W2922084013,exact_doi,high,1,false,,0,,,2026-08-29T03:05:51.808Z
unimelb-finance-006,Professor Carole Comerton-Forde,unimelb-pub-b13e5dd7dd20f1bd,University of Melbourne Minerva author metadata,exact_orcid,high,false,,W3122743821,exact_doi,high,1,false,,11,1.1336,0.81641021,2026-08-29T03:05:51.808Z
unimelb-finance-006,Professor Carole Comerton-Forde,unimelb-pub-6e503aab053ec2d0,University of Melbourne Minerva author metadata,exact_orcid,high,false,,W2198569936,exact_doi,high,1,false,,28,2.6414,0.9164172,2026-08-29T03:05:51.808Z
unimelb-finance-006,Professor Carole Comerton-Forde,unimelb-pub-ae3633db31e38716,University of Melbourne Minerva author metadata,exact_orcid,high,false,,W3123057352,exact_doi,high,1,false,,129,4.3806,0.94669271,2026-08-29T03:05:51.808Z
unimelb-finance-006,Professor Carole Comerton-Forde,unimelb-pub-0a27d368082d85d9,University of Melbourne Minerva author metadata,exact_orcid,high,false,,W2219609983,exact_normalized_title_year,medium,1,false,,4,4.9646,0.95528789,2026-08-29T03:05:51.808Z
unimelb-finance-006,Professor Carole Comerton-Forde,unimelb-pub-875147a2dc41c6aa,University of Melbourne Minerva author metadata,exact_orcid,high,false,,W3122046166,exact_doi,high,1,false,,72,8.7247,0.97680754,2026-08-29T03:05:51.808Z
unimelb-finance-006,Professor Carole Comerton-Forde,unimelb-pub-58cdab185f37d50f,University of Melbourne Minerva author metadata,exact_orcid,high,false,,W3125690873,exact_doi,high,1,false,,213,21.6294,0.99494421,2026-08-29T03:05:51.808Z
unimelb-finance-007,Associate Professor Jonathan Dark,unimelb-pub-1a0a5813dc3bcc68,University of Melbourne Minerva author metadata,exact_orcid,high,false,,W4390452919,exact_doi,high,1,false,,2,0.6212,0.81976385,2026-08-29T03:05:51.808Z
unimelb-finance-007,Associate Professor Jonathan Dark,unimelb-pub-5a744288f482c4e2,University of Melbourne Minerva author metadata,exact_orcid,high,false,,W4289745291,exact_doi,high,1,false,,1,0.2062,0.54312005,2026-08-29T03:05:51.808Z
unimelb-finance-007,Associate Professor Jonathan Dark,unimelb-pub-2b8b03d878e2a0a4,University of Melbourne Minerva author metadata,exact_orcid,high,false,,W3185797522,exact_doi,high,1,false,,4,0.706,0.81408689,2026-08-29T03:05:51.808Z
unimelb-finance-007,Associate Professor Jonathan Dark,unimelb-pub-13cf8e2487ca6797,University of Melbourne Minerva author metadata,exact_orcid,high,false,,W1992302525,exact_doi,high,1,false,,26,1.6951,0.83418175,2026-08-29T03:05:51.808Z
unimelb-finance-011,Dr Marina Gertsberg,unimelb-pub-9db1e24c7be49d51,University of Melbourne Minerva author metadata,exact_orcid,high,false,,,unmatched,none,0,true,No OpenAlex work match,,,,2026-08-29T03:05:51.808Z
unimelb-finance-011,Dr Marina Gertsberg,unimelb-pub-251521e09cb0fa59,University of Melbourne Minerva author metadata,exact_orcid,high,false,,,unmatched,none,0,true,No OpenAlex work match,,,,2026-08-29T03:05:51.808Z
unimelb-finance-012,Dr André Gygax,unimelb-pub-cc5dab2d5af42997,University of Melbourne Minerva author metadata,exact_orcid,high,false,,W4408108624,exact_doi,high,1,false,,11,30.1817,0.99472053,2026-08-29T03:05:51.808Z
unimelb-finance-012,Dr André Gygax,unimelb-pub-cc037bd4ffd5e9cc,University of Melbourne Minerva author metadata,exact_orcid,high,false,,W2056082237,exact_doi,high,1,false,,47,1.5642,0.86542901,2026-08-29T03:05:51.808Z
unimelb-finance-012,Dr André Gygax,unimelb-pub-d0ac411d41ca146a,University of Melbourne Minerva author metadata,exact_orcid,high,false,,W2908495650,exact_doi,high,1,false,,93,10.6723,0.98449663,2026-08-29T03:05:51.808Z
unimelb-finance-012,Dr André Gygax,unimelb-pub-051c7430b4185e6f,University of Melbourne Minerva author metadata,exact_orcid,high,false,,W2523325931,exact_doi,high,1,false,,48,2.5036,0.8955836,2026-08-29T03:05:51.808Z
unimelb-finance-012,Dr André Gygax,unimelb-pub-feb992d01bb2f2b5,University of Melbourne Minerva author metadata,exact_orcid,high,false,,W2253420425,exact_doi,high,1,false,,14,0.5891,0.70279819,2026-08-29T03:05:51.808Z
unimelb-finance-012,Dr André Gygax,unimelb-pub-4022a37a6b0251b0,University of Melbourne Minerva author metadata,exact_orcid,high,false,,W2154218775,exact_doi,high,1,false,,17,1.5872,0.84329299,2026-08-29T03:05:51.808Z
unimelb-finance-012,Dr André Gygax,unimelb-pub-9b95e640733dde87,University of Melbourne Minerva author metadata,exact_orcid,high,false,,W3010153481,exact_doi,high,1,false,,2,0.702,0.86334507,2026-08-29T03:05:51.808Z
unimelb-finance-012,Dr André Gygax,unimelb-pub-3fc97558323909f9,University of Melbourne Minerva author metadata,exact_orcid,high,false,,W2074259051,exact_doi,high,1,false,,22,,,2026-08-29T03:05:51.808Z
unimelb-finance-012,Dr André Gygax,unimelb-pub-97a6f7aeb0ceac5a,University of Melbourne Minerva author metadata,exact_orcid,high,false,,W2013895906,exact_doi,high,1,false,,3,0.6674,0.77489667,2026-08-29T03:05:51.808Z
unimelb-finance-012,Dr André Gygax,unimelb-pub-ad7f9abe4e169ea8,University of Melbourne Minerva author metadata,exact_orcid,high,false,,W2050245474,exact_doi,high,1,false,,65,5.2664,0.95565087,2026-08-29T03:05:51.808Z
unimelb-finance-013,Professor John Handley,unimelb-pub-e40c2918f1c3fc01,University of Melbourne Minerva author metadata,exact_orcid,high,false,,,unmatched,none,0,true,No OpenAlex work match,,,,2026-08-29T03:05:51.808Z
unimelb-finance-013,Professor John Handley,unimelb-pub-48d1940d5c98f036,University of Melbourne Minerva author metadata,exact_orcid,high,false,,,unmatched,none,0,true,No OpenAlex work match,,,,2026-08-29T03:05:51.808Z
unimelb-finance-013,Professor John Handley,unimelb-pub-97fd0603b2576c03,University of Melbourne Minerva author metadata,exact_orcid,high,false,,,unmatched,none,0,true,No OpenAlex work match,,,,2026-08-29T03:05:51.808Z
unimelb-finance-013,Professor John Handley,unimelb-pub-ff46ec24b828f961,University of Melbourne Minerva author metadata,exact_orcid,high,false,,,unmatched,none,0,true,No OpenAlex work match,,,,2026-08-29T03:05:51.808Z
unimelb-finance-015,Associate Professor Joachim Inkmann,unimelb-pub-e94da19b59ea9b87,University of Melbourne Minerva author metadata,exact_orcid,high,false,,W4402483921,exact_doi,high,1,false,,1,0.6986,0.76147663,2026-08-29T03:05:51.808Z
unimelb-finance-015,Associate Professor Joachim Inkmann,unimelb-pub-92a92f4552b708e5,University of Melbourne Minerva author metadata,exact_orcid,high,false,,W4392921908,exact_doi,high,1,false,,0,0,0.04028492,2026-08-29T03:05:51.808Z
unimelb-finance-016,Dr Eduard Inozemtsev,unimelb-pub-9de879b860ab5967,University of Melbourne Minerva author metadata,exact_orcid,high,false,,W4393392728,exact_doi,high,1,false,,21,7.8033,0.97728892,2026-08-29T03:05:51.808Z
unimelb-finance-020,Professor Paul Kofman,unimelb-pub-b3cd35f013fd5dd7,University of Melbourne Minerva author metadata,exact_orcid,high,false,,W2084000433,exact_doi,high,1,false,,89,2.1155,0.92020672,2026-08-29T03:05:51.808Z
unimelb-finance-020,Professor Paul Kofman,unimelb-pub-9a6f3ed474e13cae,University of Melbourne Minerva author metadata,exact_orcid,high,false,,W1570588491,exact_doi,high,1,false,,9,0,0.11465757,2026-08-29T03:05:51.808Z
unimelb-finance-020,Professor Paul Kofman,unimelb-pub-2326edc178cc46e5,University of Melbourne Minerva author metadata,exact_orcid,high,false,,W2112063270,exact_doi,high,1,false,,97,5.2555,0.95567083,2026-08-29T03:05:51.808Z
unimelb-finance-020,Professor Paul Kofman,unimelb-pub-159f3eca8f8aaf05,University of Melbourne Minerva author metadata,exact_orcid,high,false,,,unmatched,none,0,true,No OpenAlex work match,,,,2026-08-29T03:05:51.808Z
unimelb-finance-020,Professor Paul Kofman,unimelb-pub-f123f600299172b3,University of Melbourne Minerva author metadata,exact_orcid,high,false,,W4400197613,exact_doi,high,1,false,,22,7.8718,0.97535524,2026-08-29T03:05:51.808Z
unimelb-finance-020,Professor Paul Kofman,unimelb-pub-a8664232a9ba9ef4,University of Melbourne Minerva author metadata,exact_orcid,high,false,,W4406919602,exact_doi,high,1,false,,0,0,0.01414646,2026-08-29T03:05:51.808Z
unimelb-finance-020,Professor Paul Kofman,unimelb-pub-95da8a1db78051bb,University of Melbourne Minerva author metadata,exact_orcid,high,false,,W2010812172,exact_doi,high,1,false,,41,1.1263,0.83412906,2026-08-29T03:05:51.808Z
unimelb-finance-021,Associate Professor Asjeet Lamba,unimelb-pub-303a870b488af4b4,University of Melbourne Minerva author metadata,exact_orcid,high,false,,W2096923373,exact_normalized_title_year,medium,1,false,,2,0,0.30222222,2026-08-29T03:05:51.808Z
unimelb-finance-021,Associate Professor Asjeet Lamba,unimelb-pub-d2a2dd4b21347773,University of Melbourne Minerva author metadata,exact_orcid,high,false,,W1545914684,exact_doi,high,1,false,,7,0,0.17219456,2026-08-29T03:05:51.808Z
unimelb-finance-021,Associate Professor Asjeet Lamba,unimelb-pub-82a95c21ba740131,University of Melbourne Minerva author metadata,exact_orcid,high,false,,,unmatched,none,0,true,No OpenAlex work match,,,,2026-08-29T03:05:51.808Z
unimelb-finance-022,Dr Gabriele Lattanzio,unimelb-pub-9e29638957b0fb3a,University of Melbourne Minerva author metadata,exact_orcid,high,false,,W4372295706,exact_doi,high,1,false,,17,5.9958,0.95995267,2026-08-29T03:05:51.808Z
unimelb-finance-026,Associate Professor Bryan Lim,unimelb-pub-7c7aac8af6e5eb89,University of Melbourne Minerva author metadata,exact_orcid,high,false,,,unmatched,none,0,true,No OpenAlex work match,,,,2026-08-29T03:05:51.808Z
unimelb-finance-026,Associate Professor Bryan Lim,unimelb-pub-c1202b5d374ca8c4,University of Melbourne Minerva author metadata,exact_orcid,high,false,,,unmatched,none,0,true,No OpenAlex work match,,,,2026-08-29T03:05:51.808Z
unimelb-finance-026,Associate Professor Bryan Lim,unimelb-pub-a9f3afcc1aa4369b,University of Melbourne Minerva author metadata,exact_orcid,high,false,,,unmatched,none,0,true,No OpenAlex work match,,,,2026-08-29T03:05:51.808Z
unimelb-finance-027,Associate Professor Andrea Lu,unimelb-pub-5ee791bbb156b7f7,University of Melbourne Minerva author metadata,exact_orcid,high,false,,W3123351509,exact_doi,high,1,false,,42,5.1601,0.95262484,2026-08-29T03:05:51.808Z
unimelb-finance-027,Associate Professor Andrea Lu,unimelb-pub-ab4ce0ea25a71d22,University of Melbourne Minerva author metadata,exact_orcid,high,false,,W2572161472,exact_doi,high,1,false,,10,5.6891,0.9639902,2026-08-29T03:05:51.808Z
unimelb-finance-029,Dr Maurice McCourt,unimelb-pub-474835e5e426f9ce,University of Melbourne Minerva author metadata,exact_orcid,high,false,,W4224007560,exact_doi,high,1,false,,5,1.3839,0.82198201,2026-08-29T03:05:51.808Z
unimelb-finance-031,Professor Carsten Murawski,unimelb-pub-806b5fdfd5bd886d,University of Melbourne Minerva author metadata,exact_orcid,high,false,,W4417132862,exact_doi,high,1,false,,1,1.217,0.84303002,2026-08-29T03:05:51.808Z
unimelb-finance-031,Professor Carsten Murawski,unimelb-pub-655887b6a909ce59,University of Melbourne Minerva author metadata,exact_orcid,high,false,,W4416794633,exact_doi,high,1,false,,2,1.105,0.80082042,2026-08-29T03:05:51.808Z
unimelb-finance-031,Professor Carsten Murawski,unimelb-pub-064ba9e34ddb71fe,University of Melbourne Minerva author metadata,exact_orcid,high,false,,W4411089279,exact_doi,high,1,false,,0,0,0.08825821,2026-08-29T03:05:51.808Z
unimelb-finance-031,Professor Carsten Murawski,unimelb-pub-eb666fef6cee9276,University of Melbourne Minerva author metadata,exact_orcid,high,false,,W4408145448,exact_doi,high,1,false,,7,4.9969,0.94651791,2026-08-29T03:05:51.808Z
unimelb-finance-031,Professor Carsten Murawski,unimelb-pub-6573e9a888a7676d,University of Melbourne Minerva author metadata,exact_orcid,high,false,,W4406824805,exact_doi,high,1,false,,4,4.5236,0.9369495,2026-08-29T03:05:51.808Z
unimelb-finance-031,Professor Carsten Murawski,unimelb-pub-9b1ab93aa59b2cb1,University of Melbourne Minerva author metadata,exact_orcid,high,false,,W4402742378,exact_doi,high,1,false,,4,0.9141,0.72166629,2026-08-29T03:05:51.808Z
unimelb-finance-031,Professor Carsten Murawski,unimelb-pub-a54076ac8e321a0e,University of Melbourne Minerva author metadata,exact_orcid,high,false,,W4394832284,exact_doi,high,1,false,,12,4.0896,0.94147001,2026-08-29T03:05:51.808Z
unimelb-finance-031,Professor Carsten Murawski,unimelb-pub-cb51a81ca5725911,University of Melbourne Minerva author metadata,exact_orcid,high,false,,W4399792389,exact_doi,high,1,false,,1,0.2285,0.4880277,2026-08-29T03:05:51.808Z
unimelb-finance-031,Professor Carsten Murawski,unimelb-pub-9b80242a092b6786,University of Melbourne Minerva author metadata,exact_orcid,high,false,,W4392129960,exact_doi,high,1,false,,11,3.9237,0.93327556,2026-08-29T03:05:51.808Z
unimelb-finance-031,Professor Carsten Murawski,unimelb-pub-db6b77807348895b,University of Melbourne Minerva author metadata,exact_orcid,high,false,,W4392649176,exact_doi,high,1,false,,7,2.2054,0.87772965,2026-08-29T03:05:51.808Z
unimelb-finance-031,Professor Carsten Murawski,unimelb-pub-510d7a02c2671528,University of Melbourne Minerva author metadata,exact_orcid,high,false,,W4385798148,exact_doi,high,1,false,,3,0.6692,0.74275557,2026-08-29T03:05:51.808Z
unimelb-finance-031,Professor Carsten Murawski,unimelb-pub-5db7e6f37f129e8c,University of Melbourne Minerva author metadata,exact_orcid,high,false,,W4288096408,exact_doi,high,1,false,,13,1.3103,0.80078829,2026-08-29T03:05:51.808Z
unimelb-finance-031,Professor Carsten Murawski,unimelb-pub-58c46a42960374e9,University of Melbourne Minerva author metadata,exact_orcid,high,false,,W4231109299,exact_doi,high,1,false,,3,,,2026-08-29T03:05:51.808Z
unimelb-finance-031,Professor Carsten Murawski,unimelb-pub-238d45fda4443649,University of Melbourne Minerva author metadata,exact_orcid,high,false,,W2605924799,exact_doi,high,1,false,,12,0.655,0.609918,2026-08-29T03:05:51.808Z
unimelb-finance-031,Professor Carsten Murawski,unimelb-pub-85f2df464cf33b2b,University of Melbourne Minerva author metadata,exact_orcid,high,false,,W2614431170,exact_doi,high,1,false,,32,1.8374,0.86486486,2026-08-29T03:05:51.808Z
unimelb-finance-031,Professor Carsten Murawski,unimelb-pub-995e2c4baf78e75f,University of Melbourne Minerva author metadata,exact_orcid,high,false,,W2792219185,exact_doi,high,1,false,,10,0.5675,0.62443079,2026-08-29T03:05:51.808Z
unimelb-finance-031,Professor Carsten Murawski,unimelb-pub-98e96799a772b2d8,University of Melbourne Minerva author metadata,exact_orcid,high,false,,W2801305290,exact_doi,high,1,false,,71,4.9974,0.95560432,2026-08-29T03:05:51.808Z
unimelb-finance-031,Professor Carsten Murawski,unimelb-pub-a144b5a0d12678b8,University of Melbourne Minerva author metadata,exact_orcid,high,false,,W2951375906,exact_doi,high,1,false,,54,2.5192,0.89839034,2026-08-29T03:05:51.808Z
unimelb-finance-031,Professor Carsten Murawski,unimelb-pub-55ec7e2412d2403b,University of Melbourne Minerva author metadata,exact_orcid,high,false,,W3122320052,exact_doi,high,1,false,,0,0,0.51456097,2026-08-29T03:05:51.808Z
unimelb-finance-031,Professor Carsten Murawski,unimelb-pub-90da65e0a30185b3,University of Melbourne Minerva author metadata,exact_orcid,high,false,,W2953832426,exact_doi,high,1,false,,13,0.6479,0.65679586,2026-08-29T03:05:51.808Z
unimelb-finance-031,Professor Carsten Murawski,unimelb-pub-ca18d300c708df28,University of Melbourne Minerva author metadata,exact_orcid,high,false,,W3154392375,exact_doi,high,1,false,,57,3.7668,0.94679054,2026-08-29T03:05:51.808Z
unimelb-finance-031,Professor Carsten Murawski,unimelb-pub-49294c75a005a78b,University of Melbourne Minerva author metadata,exact_orcid,high,false,,W2800351030,exact_doi,high,1,false,,463,17.8535,0.99721405,2026-08-29T03:05:51.808Z
unimelb-finance-031,Professor Carsten Murawski,unimelb-pub-68c3c8e06450a746,University of Melbourne Minerva author metadata,exact_orcid,high,false,,W2906869211,exact_doi,high,1,false,,56,4.0297,0.94809287,2026-08-29T03:05:51.808Z
unimelb-finance-031,Professor Carsten Murawski,unimelb-pub-8d2b36e0b52ed3d6,University of Melbourne Minerva author metadata,exact_orcid,high,false,,W2941851893,exact_doi,high,1,false,,131,13.2523,0.99127663,2026-08-29T03:05:51.808Z
unimelb-finance-031,Professor Carsten Murawski,unimelb-pub-b144d493a3ba57e3,University of Melbourne Minerva author metadata,exact_orcid,high,false,,W2990328918,exact_doi,high,1,false,,44,1.9659,0.86707424,2026-08-29T03:05:51.808Z
unimelb-finance-031,Professor Carsten Murawski,unimelb-pub-106c4b03dc6d63d1,University of Melbourne Minerva author metadata,exact_orcid,high,false,,W1996219182,exact_doi,high,1,false,,25,1.5887,0.81231409,2026-08-29T03:05:51.808Z
unimelb-finance-031,Professor Carsten Murawski,unimelb-pub-3262a9fd5667312a,University of Melbourne Minerva author metadata,exact_orcid,high,false,,W3014521844,exact_doi,high,1,false,,17,0.9015,0.7039545,2026-08-29T03:05:51.808Z
unimelb-finance-031,Professor Carsten Murawski,unimelb-pub-0f285212e2e8d939,University of Melbourne Minerva author metadata,exact_orcid,high,false,,W2951263801,exact_doi,high,1,false,,131,8.2512,0.98501114,2026-08-29T03:05:51.808Z
unimelb-finance-031,Professor Carsten Murawski,unimelb-pub-101f9231ce9246b6,University of Melbourne Minerva author metadata,exact_orcid,high,false,,W2791139123,exact_doi,high,1,false,,37,3.2496,0.9186978,2026-08-29T03:05:51.808Z
unimelb-finance-031,Professor Carsten Murawski,unimelb-pub-1f80e60288cf6533,University of Melbourne Minerva author metadata,exact_orcid,high,false,,W2777567699,exact_doi,high,1,false,,74,1.7024,0.82671013,2026-08-29T03:05:51.808Z
unimelb-finance-031,Professor Carsten Murawski,unimelb-pub-991c3ed40ea1e516,University of Melbourne Minerva author metadata,exact_orcid,high,false,,W2581205426,exact_doi,high,1,false,,131,12.9495,0.9916238,2026-08-29T03:05:51.808Z
unimelb-finance-031,Professor Carsten Murawski,unimelb-pub-68104ea3c883c968,University of Melbourne Minerva author metadata,exact_orcid,high,false,,W2590354750,exact_doi,high,1,false,,14,0.6948,0.73433333,2026-08-29T03:05:51.808Z
unimelb-finance-031,Professor Carsten Murawski,unimelb-pub-3991f7fe7fb8666f,University of Melbourne Minerva author metadata,exact_orcid,high,false,,W2213495799,exact_doi,high,1,false,,80,4.0411,0.94539411,2026-08-29T03:05:51.808Z
unimelb-finance-031,Professor Carsten Murawski,unimelb-pub-f826ad250a06f94d,University of Melbourne Minerva author metadata,exact_orcid,high,false,,W2472231909,exact_doi,high,1,false,,211,4.3876,0.95436508,2026-08-29T03:05:51.808Z
unimelb-finance-031,Professor Carsten Murawski,unimelb-pub-37c71f3f8b7888cb,University of Melbourne Minerva author metadata,exact_orcid,high,false,,W2528041826,exact_doi,high,1,false,,80,6.0584,0.96165655,2026-08-29T03:05:51.808Z
unimelb-finance-031,Professor Carsten Murawski,unimelb-pub-d141607979dae698,University of Melbourne Minerva author metadata,exact_orcid,high,false,,W1915223221,exact_doi,high,1,false,,35,2.672,0.89396825,2026-08-29T03:05:51.808Z
unimelb-finance-031,Professor Carsten Murawski,unimelb-pub-af84084609f02652,University of Melbourne Minerva author metadata,exact_orcid,high,false,,W2028124979,exact_doi,high,1,false,,32,1.4051,0.7942004,2026-08-29T03:05:51.808Z
unimelb-finance-032,Professor Federico Nardari,unimelb-pub-5a744288f482c4e2,University of Melbourne Minerva author metadata,exact_orcid,high,false,,,unmatched,none,0,true,No OpenAlex work match,,,,2026-08-29T03:05:51.808Z
unimelb-finance-036,Dr Hoonsuk Park,unimelb-pub-3bd5f31d055feaa1,University of Melbourne Minerva author metadata,exact_orcid,high,false,,W4412750384,exact_doi,high,1,false,,4,5.9432,0.95807692,2026-08-29T03:05:51.808Z
unimelb-finance-038,Associate Professor Sean Pinder,unimelb-pub-5c8af5a048dd847b,University of Melbourne Minerva author metadata,exact_orcid,high,false,,W4410951337,exact_doi,high,1,false,,0,0,0.1499146,2026-08-29T03:05:51.808Z
unimelb-finance-038,Associate Professor Sean Pinder,unimelb-pub-02166ae1fd537022,University of Melbourne Minerva author metadata,exact_orcid,high,false,,W2755324843,exact_doi,high,1,false,,0,0,0.16700107,2026-08-29T03:05:51.808Z
unimelb-finance-038,Associate Professor Sean Pinder,unimelb-pub-87533095cb511500,University of Melbourne Minerva author metadata,exact_orcid,high,false,,W3162651889,exact_doi,high,1,false,,4,0.9413,0.83747472,2026-08-29T03:05:51.808Z
unimelb-finance-038,Associate Professor Sean Pinder,unimelb-pub-af8968d7e8a71535,University of Melbourne Minerva author metadata,exact_orcid,high,false,,W2777026251,exact_normalized_title_year,medium,1,false,,1,0,0.52882306,2026-08-29T03:05:51.808Z
unimelb-finance-038,Associate Professor Sean Pinder,unimelb-pub-5aee632b59b21140,University of Melbourne Minerva author metadata,exact_orcid,high,false,,W2052081190,exact_doi,high,1,false,,11,1.826,0.90433088,2026-08-29T03:05:51.808Z
unimelb-finance-038,Associate Professor Sean Pinder,unimelb-pub-8ccff20526cb2ed4,University of Melbourne Minerva author metadata,exact_orcid,high,false,,W2113325745,exact_doi,high,1,false,,16,0.7189,0.86434325,2026-08-29T03:05:51.808Z
unimelb-finance-038,Associate Professor Sean Pinder,unimelb-pub-99460cd53ab56932,University of Melbourne Minerva author metadata,exact_orcid,high,false,,W2010464021,exact_doi,high,1,false,,43,2.0027,0.90422684,2026-08-29T03:05:51.808Z
unimelb-finance-038,Associate Professor Sean Pinder,unimelb-pub-2249a50fbda6c3ff,University of Melbourne Minerva author metadata,exact_orcid,high,false,,,exact_normalized_title_year,none,2,true,Matched 2 OpenAlex works,,,,2026-08-29T03:05:51.808Z
unimelb-finance-039,Dr Chander Shekhar,unimelb-pub-f95a101ad2826ec7,University of Melbourne Minerva author metadata,exact_orcid,high,false,,,unmatched,none,0,true,No OpenAlex work match,,,,2026-08-29T03:05:51.808Z
unimelb-finance-039,Dr Chander Shekhar,unimelb-pub-177ff58d7f4fb31f,University of Melbourne Minerva author metadata,exact_orcid,high,false,,,unmatched,none,0,true,No OpenAlex work match,,,,2026-08-29T03:05:51.808Z
unimelb-finance-039,Dr Chander Shekhar,unimelb-pub-e6b7873160da48e3,University of Melbourne Minerva author metadata,exact_orcid,high,false,,,unmatched,none,0,true,No OpenAlex work match,,,,2026-08-29T03:05:51.808Z
unimelb-finance-039,Dr Chander Shekhar,unimelb-pub-0a0b037cc3c9f8a3,University of Melbourne Minerva author metadata,exact_orcid,high,false,,,unmatched,none,0,true,No OpenAlex work match,,,,2026-08-29T03:05:51.808Z
unimelb-finance-039,Dr Chander Shekhar,unimelb-pub-d8ba1eb6fa723f1d,University of Melbourne Minerva author metadata,exact_orcid,high,false,,,unmatched,none,0,true,No OpenAlex work match,,,,2026-08-29T03:05:51.808Z
unimelb-finance-039,Dr Chander Shekhar,unimelb-pub-8811c0b8d32fee27,University of Melbourne Minerva author metadata,exact_orcid,high,false,,,unmatched,none,0,true,No OpenAlex work match,,,,2026-08-29T03:05:51.808Z
unimelb-finance-039,Dr Chander Shekhar,unimelb-pub-8140e6db5095339c,University of Melbourne Minerva author metadata,exact_orcid,high,false,,,unmatched,none,0,true,No OpenAlex work match,,,,2026-08-29T03:05:51.808Z
unimelb-finance-039,Dr Chander Shekhar,unimelb-pub-cc06e0aad9daca1b,University of Melbourne Minerva author metadata,exact_orcid,high,false,,,unmatched,none,0,true,No OpenAlex work match,,,,2026-08-29T03:05:51.808Z
unimelb-finance-039,Dr Chander Shekhar,unimelb-pub-d0e5418c4526a8ef,University of Melbourne Minerva author metadata,exact_orcid,high,false,,,unmatched,none,0,true,No OpenAlex work match,,,,2026-08-29T03:05:51.808Z
unimelb-finance-039,Dr Chander Shekhar,unimelb-pub-955b130b134b8b53,University of Melbourne Minerva author metadata,exact_orcid,high,false,,,unmatched,none,0,true,No OpenAlex work match,,,,2026-08-29T03:05:51.808Z
unimelb-finance-042,Associate Professor Ekaterina Volkova,unimelb-pub-a743bdee50722397,University of Melbourne Minerva author metadata,exact_orcid,high,false,,W4405953903,exact_doi,high,1,false,,4,3.2276,0.92914928,2026-08-29T03:05:51.808Z
unimelb-finance-042,Associate Professor Ekaterina Volkova,unimelb-pub-34c960f8e0a07594,University of Melbourne Minerva author metadata,exact_orcid,high,false,,W2751347219,exact_doi,high,1,false,,0,0,0.00707048,2026-08-29T03:05:51.808Z
unimelb-finance-042,Associate Professor Ekaterina Volkova,unimelb-pub-4b47561becb7f04e,University of Melbourne Minerva author metadata,exact_orcid,high,false,,W3123782405,exact_doi,high,1,false,,8,0.3099,0.6989968,2026-08-29T03:05:51.808Z
unimelb-finance-044,Dr Nitin Yadav,unimelb-pub-806b5fdfd5bd886d,University of Melbourne Minerva author metadata,exact_orcid,high,false,,W4410564890,exact_normalized_title_year,medium,1,false,,0,,,2026-08-29T03:05:51.808Z
unimelb-finance-044,Dr Nitin Yadav,unimelb-pub-655887b6a909ce59,University of Melbourne Minerva author metadata,exact_orcid,high,false,,,unmatched,none,0,true,No OpenAlex work match,,,,2026-08-29T03:05:51.808Z
unimelb-finance-044,Dr Nitin Yadav,unimelb-pub-1d71538be494ad79,University of Melbourne Minerva author metadata,exact_orcid,high,false,,W4390616763,exact_doi,high,1,false,,6,3.9279,0.93372487,2026-08-29T03:05:51.808Z
unimelb-finance-044,Dr Nitin Yadav,unimelb-pub-8983d5c46abc72e2,University of Melbourne Minerva author metadata,exact_orcid,high,false,,W4392855260,exact_doi,high,1,false,,6,1.9983,0.86051601,2026-08-29T03:05:51.808Z
unimelb-finance-044,Dr Nitin Yadav,unimelb-pub-db6b77807348895b,University of Melbourne Minerva author metadata,exact_orcid,high,false,,W4392649176,exact_doi,high,1,false,,7,2.2054,0.87772965,2026-08-29T03:05:51.808Z
unimelb-finance-044,Dr Nitin Yadav,unimelb-pub-5db7e6f37f129e8c,University of Melbourne Minerva author metadata,exact_orcid,high,false,,W4288096408,exact_doi,high,1,false,,13,1.3103,0.80078829,2026-08-29T03:05:51.808Z
unimelb-finance-044,Dr Nitin Yadav,unimelb-pub-2f166e22e0622c5f,University of Melbourne Minerva author metadata,exact_orcid,high,false,,W3217581224,exact_doi,high,1,false,,12,1.8168,0.84816389,2026-08-29T03:05:51.808Z
unimelb-finance-044,Dr Nitin Yadav,unimelb-pub-e4bba9d1030c97f8,University of Melbourne Minerva author metadata,exact_orcid,high,false,,W3094920869,exact_doi,high,1,false,,0,0,0.17890963,2026-08-29T03:05:51.808Z
unimelb-finance-044,Dr Nitin Yadav,unimelb-pub-68c3c8e06450a746,University of Melbourne Minerva author metadata,exact_orcid,high,false,,W2906869211,exact_doi,high,1,false,,56,4.0297,0.94809287,2026-08-29T03:05:51.808Z
unimelb-finance-046,Associate Professor Qi Zeng,unimelb-pub-39a6d6870d270946,University of Melbourne Minerva author metadata,exact_orcid,high,false,,W2536250329,exact_doi,high,1,false,,19,2.1554,0.89542273,2026-08-29T03:05:51.808Z
unimelb-finance-046,Associate Professor Qi Zeng,unimelb-pub-32ec5774eaa0c40b,University of Melbourne Minerva author metadata,exact_orcid,high,false,,W2793366629,exact_doi,high,1,false,,4,0,0.04679453,2026-08-29T03:05:51.808Z
unimelb-finance-046,Associate Professor Qi Zeng,unimelb-pub-a21c435db97b9f83,University of Melbourne Minerva author metadata,exact_orcid,high,false,,,exact_normalized_title_year,none,2,true,Matched 2 OpenAlex works,,,,2026-08-29T03:05:51.808Z
unimelb-finance-046,Associate Professor Qi Zeng,unimelb-pub-b96d051b1bd932da,University of Melbourne Minerva author metadata,exact_orcid,high,false,,W3124430593,exact_doi,high,1,false,,63,4.0067,0.9425407,2026-08-29T03:05:51.808Z
unimelb-finance-047,Associate Professor Zhuo Zhong,unimelb-pub-faa737e1d8f56ec8,University of Melbourne Minerva author metadata,exact_orcid,high,false,,,unmatched,none,0,true,No OpenAlex work match,,,,2026-08-29T03:05:51.808Z
