name,job_title,academic_level,university,field_of_research,source_id,orcid,profile_url
Nicole Ang,Senior Lecturer,C,UNSW Sydney,Accounting,,,https://www.unsw.edu.au/staff/nicole-ang
Maria Balatbat,Senior Lecturer,C,UNSW Sydney,Accounting,,0000-0001-5180-0057,https://www.unsw.edu.au/staff/maria-balatbat
Francisco Barillas Bedoya,Professor,E,UNSW Sydney,Finance,,,https://www.unsw.edu.au/staff/francisco-barillas-bedoya
Dale Boccabella,Associate Professor,D,UNSW Sydney,Accounting,,,https://www.unsw.edu.au/staff/dale-boccabella
Rodney Brown,Senior Lecturer,C,UNSW Sydney,Accounting,,,https://www.unsw.edu.au/staff/rodney-brown
Elizabeth Carson,Emeritus Professor,E,UNSW Sydney,Accounting,,0000-0003-1601-4290,https://www.unsw.edu.au/staff/elizabeth-carson
Linda Chang,Associate Professor,D,UNSW Sydney,Accounting,,0000-0002-2844-6149,https://www.unsw.edu.au/staff/linda-chang
Wei Chen,Professor,E,UNSW Sydney,Accounting,,,https://www.unsw.edu.au/staff/wei-chen
Zongxi Chen,Associate Lecturer,A,UNSW Sydney,Accounting,,,https://www.unsw.edu.au/staff/zongxi-chen
Mandy Cheng,Professor,E,UNSW Sydney,Accounting,,0000-0003-2487-2543,https://www.unsw.edu.au/staff/mandy-cheng
Demi Chung,Senior Lecturer,C,UNSW Sydney,Accounting,,0000-0002-9678-7412,https://www.unsw.edu.au/staff/demi-chung
Oleg Chuprinin,Associate Professor,D,UNSW Sydney,Finance,,0000-0003-4805-2451,https://www.unsw.edu.au/staff/oleg-chuprinin
Victoria Clout,Senior Lecturer,C,UNSW Sydney,Accounting,,0000-0002-3442-7315,https://www.unsw.edu.au/staff/victoria-clout
Conor Clune,Associate Professor,D,UNSW Sydney,Accounting,,0000-0002-8894-3438,https://www.unsw.edu.au/staff/conor-clune
David Colwell,Senior Lecturer,C,UNSW Sydney,Finance,,0000-0002-5180-5816,https://www.unsw.edu.au/staff/david-colwell
Jeff Coulton,Associate Professor,D,UNSW Sydney,Accounting,,,https://www.unsw.edu.au/staff/jeff-coulton
Lili Dai,Associate Professor,D,UNSW Sydney,Accounting,,0000-0001-7512-5535,https://www.unsw.edu.au/staff/lili-dai
Sander De Groote,Senior Lecturer,C,UNSW Sydney,Accounting,,0000-0002-2501-6733,https://www.unsw.edu.au/staff/sander-de-groote
Wesley Deng,Lecturer,B,UNSW Sydney,Finance,,,https://www.unsw.edu.au/staff/wesley-deng
Alexander Dickerson,Senior Lecturer,C,UNSW Sydney,Finance,,0009-0001-6974-592X,https://www.unsw.edu.au/staff/alexander-dickerson
David Feldman,Professor,E,UNSW Sydney,Finance,,,https://www.unsw.edu.au/staff/david-feldman
Tanya Fiedler,Senior Lecturer,C,UNSW Sydney,Accounting,,0000-0002-7002-6391,https://www.unsw.edu.au/staff/tanya-fiedler
Kingsley Fong,Associate Professor,D,UNSW Sydney,Finance,,0000-0003-4089-1955,https://www.unsw.edu.au/staff/kingsley-fong
Mathieu Fournier,Associate Professor,D,UNSW Sydney,Finance,,0000-0003-2373-5950,https://www.unsw.edu.au/staff/mathieu-fournier
Luis Filipe Goncalves-Pinto,Associate Professor,D,UNSW Sydney,Finance,,,https://www.unsw.edu.au/staff/luis-filipe-goncalves-pinto
Noel Harding,Professor,E,UNSW Sydney,Accounting,,0000-0003-4647-4335,https://www.unsw.edu.au/staff/noel-harding
Hien Hoang,Senior Lecturer,C,UNSW Sydney,Accounting,,0000-0003-4939-180X,https://www.unsw.edu.au/staff/hien-hoang
Sarowar Hossain,Senior Lecturer,C,UNSW Sydney,Accounting,,,https://www.unsw.edu.au/staff/sarowar-hossain
Mark Humphery-Jenner,Associate Professor,D,UNSW Sydney,Finance,,0000-0002-0541-1541,https://www.unsw.edu.au/staff/mark-humphery-jenner
Kerry Humphreys,Professor,E,UNSW Sydney,Accounting,,0000-0003-4861-8312,https://www.unsw.edu.au/staff/kerry-humphreys
Andrew Jackson,Associate Professor,D,UNSW Sydney,Accounting,,0000-0002-2074-2787,https://www.unsw.edu.au/staff/andrew-jackson
Yeejin Jang,Associate Professor,D,UNSW Sydney,Finance,,0000-0003-1143-7534,https://www.unsw.edu.au/staff/yeejin-jang
Alexandre Jeanneret,Professor,E,UNSW Sydney,Finance,,0000-0003-4628-1955,https://www.unsw.edu.au/staff/alexandre-jeanneret
Helen Kang,Associate Professor,D,UNSW Sydney,Accounting,,0000-0002-6258-1264,https://www.unsw.edu.au/staff/helen-kang
Ann Kayis-Kumar,Professor,E,UNSW Sydney,Accounting,,,https://www.unsw.edu.au/staff/ann-kayis-kumar
Amy Kwan,Senior Lecturer,C,UNSW Sydney,Finance,,0000-0002-7480-1279,https://www.unsw.edu.au/staff/amy-kwan
Evelyn Lai,Lecturer,B,UNSW Sydney,Finance,,0009-0005-0399-341X,https://www.unsw.edu.au/staff/evelyn-lai
Suk Lee,Lecturer,B,UNSW Sydney,Finance,,,https://www.unsw.edu.au/staff/suk-lee
Rachael Lewis,Senior Lecturer,C,UNSW Sydney,Accounting,,0000-0003-4958-0811,https://www.unsw.edu.au/staff/rachael-lewis
Leonard Leye Li,Senior Lecturer,C,UNSW Sydney,Accounting,,,https://www.unsw.edu.au/staff/leonard-leye-li
Youngdeok Lim,Associate Professor,D,UNSW Sydney,Accounting,,0000-0002-3715-2927,https://www.unsw.edu.au/staff/youngdeok-lim
Yiping Lin,Lecturer,B,UNSW Sydney,Finance,,0000-0002-9130-0927,https://www.unsw.edu.au/staff/yiping-lin
Benjamin Loos,Associate Professor,D,UNSW Sydney,Finance,,0000-0002-4687-6708,https://www.unsw.edu.au/staff/benjamin-loos
Gordon Mackenzie,Senior Lecturer,C,UNSW Sydney,Accounting,,,https://www.unsw.edu.au/staff/gordon-mackenzie
Fiona Martin,Emeritus Professor,E,UNSW Sydney,Accounting,,,https://www.unsw.edu.au/staff/fiona-martin
Ronald Masulis,Professor,E,UNSW Sydney,Finance,,0000-0001-5205-341X,https://www.unsw.edu.au/staff/ronald-masulis
Edouard Mattille,Lecturer,B,UNSW Sydney,Finance,,,https://www.unsw.edu.au/staff/edouard-mattille
Malcolm Miller,Associate Professor,D,UNSW Sydney,Accounting,,,https://www.unsw.edu.au/staff/malcolm-miller
Gary Monroe,Professor,E,UNSW Sydney,Accounting,,0000-0003-2608-0531,https://www.unsw.edu.au/staff/gary-monroe
Kate Morgan,Senior Lecturer,C,UNSW Sydney,Accounting,,,https://www.unsw.edu.au/staff/kate-morgan
Richard Morris,Associate Professor,D,UNSW Sydney,Accounting,,,https://www.unsw.edu.au/staff/richard-morris1
Fariborz Moshirian,Professor,E,UNSW Sydney,Finance,,0000-0002-1664-5888,https://www.unsw.edu.au/staff/fariborz-moshirian
Peter O'Neill,Senior Lecturer,C,UNSW Sydney,Finance,,0000-0002-3316-391X,https://www.unsw.edu.au/staff/peter-o-neill
Natalie Oh,Senior Lecturer,C,UNSW Sydney,Finance,,0009-0000-6261-1366,https://www.unsw.edu.au/staff/natalie-oh
Jerry Parwada,Professor,E,UNSW Sydney,Finance,,0000-0002-5582-7545,https://www.unsw.edu.au/staff/jerry-parwada
Elise Payzan,Professor,E,UNSW Sydney,Finance,,,https://www.unsw.edu.au/staff/elise-payzan
Zihang Peng,Senior Lecturer,C,UNSW Sydney,Accounting,,0000-0001-7091-8341,https://www.unsw.edu.au/staff/zihang-peng
Gordon Phillips,Professor,E,UNSW Sydney,Finance,,0000-0002-0782-2504,https://www.unsw.edu.au/staff/gordon-phillips
Yee Shih Phua,Senior Lecturer,C,UNSW Sydney,Accounting,,0000-0002-9818-3006,https://www.unsw.edu.au/staff/yee-shih-phua
Jonathan Reeves,Senior Lecturer,C,UNSW Sydney,Finance,,,https://www.unsw.edu.au/staff/jonathan-reeves
Greg Richins,Lecturer,B,UNSW Sydney,Accounting,,0000-0002-2955-7246,https://www.unsw.edu.au/staff/greg-richins
Kristle Romero Cortes,Associate Professor,D,UNSW Sydney,Finance,,0000-0003-4069-1224,https://www.unsw.edu.au/staff/kristle-romero-cortes
Breno Schmidt,Associate Professor,D,UNSW Sydney,Finance,,,https://www.unsw.edu.au/staff/breno-schmidt
Rik Sen,Associate Professor,D,UNSW Sydney,Finance,,0000-0003-0579-8915,https://www.unsw.edu.au/staff/rik-sen
Jianfeng Shen,Associate Professor,D,UNSW Sydney,Finance,,0000-0003-0502-3212,https://www.unsw.edu.au/staff/jianfeng-shen
Janghoon Shon,Lecturer,B,UNSW Sydney,Finance,,,https://www.unsw.edu.au/staff/janghoon-shon
Roger Simnett,Emeritus Professor,E,UNSW Sydney,Accounting,,0000-0001-9881-8553,https://www.unsw.edu.au/staff/roger-simnett
Elvira Sojli,Associate Professor,D,UNSW Sydney,Finance,,0000-0002-1567-8901,https://www.unsw.edu.au/staff/elvira-sojli
Peter Swan,Professor,E,UNSW Sydney,Finance,,0000-0001-8406-2564,https://www.unsw.edu.au/staff/peter-swan
Stuart Taylor,Lecturer,B,UNSW Sydney,Accounting,,,https://www.unsw.edu.au/staff/stuart-taylor
Andrew Terry,Emeritus Professor,E,UNSW Sydney,Accounting,,0000-0002-0619-7233,https://www.unsw.edu.au/staff/andrew-terry
Wing Wah Tham,Associate Professor,D,UNSW Sydney,Finance,,0000-0002-1169-0073,https://www.unsw.edu.au/staff/wing-wah-tham
Binh Tran-Nam,Professor,E,UNSW Sydney,Accounting,,0000-0001-5516-7762,https://www.unsw.edu.au/staff/binh-tran-nam
Ken Trotman,Professor,E,UNSW Sydney,Accounting,,0000-0003-1211-2379,https://www.unsw.edu.au/staff/ken-trotman
Robert Tumarkin,Senior Lecturer,C,UNSW Sydney,Finance,,0000-0003-3164-1049,https://www.unsw.edu.au/staff/robert-tumarkin
Kristina Vojvoda,Lecturer,B,UNSW Sydney,Accounting,,0000-0001-5882-9223,https://www.unsw.edu.au/staff/kristina-vojvoda
Michael Walpole,Professor,E,UNSW Sydney,Accounting,,,https://www.unsw.edu.au/staff/michael-walpole
Neil Warren,Emeritus Professor,E,UNSW Sydney,Accounting,,,https://www.unsw.edu.au/staff/neil-warren
Yan Xu,Professor,E,UNSW Sydney,Accounting,,,https://www.unsw.edu.au/staff/yan-xu
Yuchen Xu,Senior Lecturer,C,UNSW Sydney,Finance,,,https://www.unsw.edu.au/staff/yuchen-xu
Zhaoxia Xu,Associate Professor,D,UNSW Sydney,Finance,,,https://www.unsw.edu.au/staff/zhaoxia-xu
Li Yang,Professor,E,UNSW Sydney,Finance,,,https://www.unsw.edu.au/staff/li-yang
Henry Yip,Senior Lecturer,C,UNSW Sydney,Finance,,,https://www.unsw.edu.au/staff/henry-yip
Jason Zein,Professor,E,UNSW Sydney,Finance,,0000-0001-7701-3721,https://www.unsw.edu.au/staff/jason-zein
Sherry Zhang,Lecturer,B,UNSW Sydney,Finance,,,https://www.unsw.edu.au/staff/sherry-zhang
