"researcher_id","researcher_name","academic_title","academic_level","publication_id","publication_title","publication_year","article_url","doi","journal","issn","eissn","abdc_rating","abdc_for","author_name_from_repository","researcher_match_method","researcher_match_confidence","abdc_match_method","abdc_match_status"
"unimelb-finance-012","Dr André Gygax","Senior Lecturer","C","9715e3bb-e16d-45da-82f7-6ec56aea40ab","Secure task offloading strategy optimization of UAV-aided outdoor mobile high-definition live streaming","2025","https://doi.org/10.1016/j.cja.2025.103454","10.1016/j.cja.2025.103454","Hangkong Xuebao/Acta Aeronautica et Astronautica Sinica","1000-9361","","","","Gygax, Andre","normalized full name","medium - requires validation","unmatched","unmatched"
"unimelb-finance-031","Professor Carsten Murawski","Professor","E","dcf57376-c44a-47a4-aa8b-dd5d39f90bb0","Whom do we prefer to learn from in observational reinforcement learning?","2025","https://doi.org/10.1371/journal.pcbi.1013143","10.1371/journal.pcbi.1013143","PLoS Computational Biology","1553-734X","1553-7358","","","Murawski, Carsten","normalized full name","medium - requires validation","unmatched","unmatched"
"unimelb-finance-044","Dr Nitin Yadav","Senior Lecturer","C","dcf57376-c44a-47a4-aa8b-dd5d39f90bb0","Whom do we prefer to learn from in observational reinforcement learning?","2025","https://doi.org/10.1371/journal.pcbi.1013143","10.1371/journal.pcbi.1013143","PLoS Computational Biology","1553-734X","1553-7358","","","Yadav, Nitin","normalized full name","medium - requires validation","unmatched","unmatched"
"unimelb-finance-031","Professor Carsten Murawski","Professor","E","41ec8f58-fee9-4224-a55f-e33bace6fc70","Acute stress impairs decision-making at varying levels of decision complexity","2025","https://doi.org/10.1038/s44271-025-00355-x","10.1038/s44271-025-00355-x","Communications Psychology","2731-9121","2731-9121","","","Murawski, Carsten","normalized full name","medium - requires validation","unmatched","unmatched"
"unimelb-finance-044","Dr Nitin Yadav","Senior Lecturer","C","41ec8f58-fee9-4224-a55f-e33bace6fc70","Acute stress impairs decision-making at varying levels of decision complexity","2025","https://doi.org/10.1038/s44271-025-00355-x","10.1038/s44271-025-00355-x","Communications Psychology","2731-9121","2731-9121","","","Yadav, Nitin","normalized full name","medium - requires validation","unmatched","unmatched"
"unimelb-finance-015","Associate Professor Joachim Inkmann","Associate Professor","D","54217096-52d7-42ac-8e00-54649c093644","Estimating background risk hedging demands from cross-sectional data","2025","https://doi.org/10.1111/jfir.12432","10.1111/jfir.12432","Journal of Financial Research","0270-2592","1475-6803","A","3502","Inkmann, Joachim","normalized full name","medium - requires validation","ISSN/eISSN","matched"
"unimelb-finance-004","Associate Professor James Brugler","Associate Professor","D","54217096-52d7-42ac-8e00-54649c093644","Estimating background risk hedging demands from cross-sectional data","2025","https://doi.org/10.1111/jfir.12432","10.1111/jfir.12432","Journal of Financial Research","0270-2592","1475-6803","A","3502","Brugler, James","normalized full name","medium - requires validation","ISSN/eISSN","matched"
"unimelb-finance-016","Dr Eduard Inozemtsev","Senior Lecturer","C","42581fad-e99c-42ca-807a-e3dff40cddc7","Evolution of Debt Financing Toward Less-Regulated Financial Intermediaries in the United States","2025","https://doi.org/10.1017/S0022109024000206","10.1017/S0022109024000206","Journal of Financial and Quantitative Analysis","0022-1090","1756-6916","A*","3502","Inozemtsev, Eduard","normalized full name","medium - requires validation","ISSN/eISSN","matched"
"unimelb-finance-004","Associate Professor James Brugler","Associate Professor","D","56a90d97-c423-4bf5-8b87-84040f55eeb7","Benchmarking benchmarks","2025","https://doi.org/10.1016/j.jfineco.2025.104018","10.1016/j.jfineco.2025.104018","Journal of Financial Economics","0304-405X","","A*","3502","Brugler, James","normalized full name","medium - requires validation","ISSN/eISSN","matched"
"unimelb-finance-037","Dr Hung (Harry) Viet Pham","Tutor - Education Focussed","","76fcbb14-b0a2-4962-94f6-708b889e8c0b","Acquiring divestors","2025","https://doi.org/10.1016/j.iref.2025.103844","10.1016/j.iref.2025.103844","International Review of Economics and Finance","1059-0560","1873-8036","A","3502","Pham, Hung Viet","normalized full name","medium - requires validation","ISSN/eISSN","matched"
"unimelb-finance-048","Dr Yun (Tracy) Zhou","Tutor - Education Focussed","","f6176a98-5cc2-4087-8fb0-7e5fadc75e8e","Intensity of exploitation-exploration innovation strategies and credit ratings","2025","https://doi.org/10.1016/j.econmod.2025.107169","10.1016/j.econmod.2025.107169","Economic Modelling","0264-9993","","A","3801","Zhou, Yun","normalized full name","medium - requires validation","ISSN/eISSN","matched"
"unimelb-finance-031","Professor Carsten Murawski","Professor","E","4850e66d-aa6d-4752-acde-29a18f97ccd4","Investigating the effects of orexin receptor 1 antagonism on decision making under uncertainty","2025","https://doi.org/10.1016/j.bbr.2025.115691","10.1016/j.bbr.2025.115691","Behavioural Brain Research","0166-4328","1872-7549","","","Murawski, Carsten","normalized full name","medium - requires validation","unmatched","unmatched"
"unimelb-finance-002","Dr Attila Balogh","Senior Lecturer","C","32d5b9c8-d8fd-41a6-b937-2bd49ff5cdea","Themeda: Predicting Land Cover Change Using Deep Learning","2025","https://doi.org/10.34133/remotesensing.0780","10.34133/remotesensing.0780","Journal of Remote Sensing","2694-1589","2694-1589","","","Balogh, Attila","normalized full name","medium - requires validation","unmatched","unmatched"
"unimelb-finance-036","Dr Hoonsuk Park","Senior Lecturer","C","f19fc2f7-4fee-4158-8c2d-2981a2f3417c","Firm uncertainty and households: Spending, savings, and risks","2025","https://doi.org/10.1016/j.jfineco.2025.104143","10.1016/j.jfineco.2025.104143","Journal of Financial Economics","0304-405X","1879-2774","A*","3502","Park, Hoonsuk","normalized full name","medium - requires validation","ISSN/eISSN","matched"
"unimelb-finance-038","Associate Professor Sean Pinder","Associate Professor","D","2edd3638-a15b-4cbf-9050-b08b40cafd3e","Daily entry and exit triggers for open market repurchases","2026","https://doi.org/10.1111/jfir.12470","10.1111/jfir.12470","Journal of Financial Research","0270-2592","1475-6803","A","3502","Pinder, Sean","normalized full name","medium - requires validation","ISSN/eISSN","matched"
"unimelb-finance-031","Professor Carsten Murawski","Professor","E","f88487f0-96a5-48e1-9238-bbf3517d3409","The Relationship Between Schizotypal Personality Traits and Temporal Discounting: The Role of the Date/Delay Effect","2025","https://doi.org/10.1093/schbul/sbad110","10.1093/schbul/sbad110","Schizophrenia Bulletin","0586-7614","1745-1701","","","Murawski, Carsten","normalized full name","medium - requires validation","unmatched","unmatched"
"unimelb-finance-031","Professor Carsten Murawski","Professor","E","c895da5f-9a24-437a-be43-df6feee43aa3","Estimating self-performance when making complex decisions","2025","https://doi.org/10.1038/s41598-025-87601-8","10.1038/s41598-025-87601-8","Scientific Reports","2045-2322","2045-2322","","","Murawski, Carsten","normalized full name","medium - requires validation","unmatched","unmatched"
"unimelb-finance-042","Associate Professor Ekaterina Volkova","Associate Professor","D","5d6f103d-25cf-4e38-9e6a-96f8d2435f7c","Media ownership and ideological slant: Evidence from Australian newspaper mergers","2024","https://doi.org/10.1371/journal.pone.0315137","10.1371/journal.pone.0315137","PLoS ONE","1932-6203","1932-6203","","","Volkova, Ekaterina","normalized full name","medium - requires validation","unmatched","unmatched"
"unimelb-finance-031","Professor Carsten Murawski","Professor","E","288b1f86-b4b6-47e3-b0da-04dd34f92c2a","The neural dynamics associated with computational complexity","2024","https://doi.org/10.1371/journal.pcbi.1012447","10.1371/journal.pcbi.1012447","PLoS Computational Biology","1553-734X","1553-7358","","","Murawski, Carsten","normalized full name","medium - requires validation","unmatched","unmatched"
"unimelb-finance-006","Professor Carole Comerton-Forde","Professor","E","c7153359-30a3-4c6e-9d10-93ffe84eca03","Differential access to dark markets and execution outcomes","2025","https://doi.org/10.1016/j.jfineco.2025.104086","10.1016/j.jfineco.2025.104086","Journal of Financial Economics","0304-405X","1879-2774","A*","3502","Comerton-Forde, Carole","normalized full name","medium - requires validation","ISSN/eISSN","matched"
"unimelb-finance-004","Associate Professor James Brugler","Associate Professor","D","c7153359-30a3-4c6e-9d10-93ffe84eca03","Differential access to dark markets and execution outcomes","2025","https://doi.org/10.1016/j.jfineco.2025.104086","10.1016/j.jfineco.2025.104086","Journal of Financial Economics","0304-405X","1879-2774","A*","3502","Brugler, James","normalized full name","medium - requires validation","ISSN/eISSN","matched"
"unimelb-finance-006","Professor Carole Comerton-Forde","Professor","E","99b8dd10-d19b-491a-8eb5-cef93379f3ca","ETF effects: The role of primary versus secondary market activities","2025","https://doi.org/10.1016/j.finmar.2025.100983","10.1016/j.finmar.2025.100983","Journal of financial markets","1386-4181","1878-576X","A*","3502","Comerton-Forde, Carole","normalized full name","medium - requires validation","ISSN/eISSN","matched"
"unimelb-finance-006","Professor Carole Comerton-Forde","Professor","E","f57ff04c-7175-498f-a82f-83eedde34046","Listing exchanges versus other lit venues: Liquidity and order book dynamics","2024","https://hdl.handle.net/11343/354032","","Listing exchanges versus other lit venues: Liquidity and order book dynamics","","","","","Comerton-Forde, Carole","normalized full name","medium - requires validation","unmatched","unmatched"
"unimelb-finance-006","Professor Carole Comerton-Forde","Professor","E","431b4f20-048d-4f1c-9bb9-1039ac9f51a0","Listing exchanges versus other lit venues: Price formation","2024","https://hdl.handle.net/11343/354031","","Listing exchanges versus other lit venues: Price formation","","","","","Comerton-Forde, Carole","normalized full name","medium - requires validation","unmatched","unmatched"
"unimelb-finance-031","Professor Carsten Murawski","Professor","E","1e848c5a-331f-4b0f-a7e9-4600eeb7dc66","Association of temporal discounting with transdiagnostic symptom dimensions","2024","https://doi.org/10.1038/s44184-024-00060-3","10.1038/s44184-024-00060-3","npj Mental Health Research","2731-4251","2731-4251","","","Murawski, Carsten","normalized full name","medium - requires validation","unmatched","unmatched"
"unimelb-finance-031","Professor Carsten Murawski","Professor","E","94b67687-f8aa-4a5a-a25b-68695dac9e53","Hypocretin-1 receptor antagonism improves inhibitory control during the Go/No-Go task in highly motivated, impulsive male mice","2024","https://doi.org/10.1007/s00213-024-06628-3","10.1007/s00213-024-06628-3","Psychopharmacology","0033-3158","1432-2072","","","Murawski, Carsten","normalized full name","medium - requires validation","unmatched","unmatched"
"unimelb-finance-003","Dr Elizabeth Bowman","Business Manager","","1d2900ae-9154-4a2e-9120-cf5142aa389d","Perceptions of social media harms and potential management strategies: vaping case study","2024","https://doi.org/10.1186/s12889-024-18362-8","10.1186/s12889-024-18362-8","BMC Public Health","1471-2458","1471-2458","","","Bowman, Elizabeth","normalized full name","medium - requires validation","unmatched","unmatched"
"unimelb-finance-006","Professor Carole Comerton-Forde","Professor","E","36db91f5-26e9-4e68-b878-ad66b9a9a953","Nonstandard Errors","2024","https://doi.org/10.1111/jofi.13337","10.1111/jofi.13337","Journal of Finance","0022-1082","1540-6261","A*","3502","Comerton-Forde, Carole","normalized full name","medium - requires validation","ISSN/eISSN","matched"
"unimelb-finance-047","Associate Professor Zhuo Zhong","Associate Professor","D","36db91f5-26e9-4e68-b878-ad66b9a9a953","Nonstandard Errors","2024","https://doi.org/10.1111/jofi.13337","10.1111/jofi.13337","Journal of Finance","0022-1082","1540-6261","A*","3502","Zhong, Zhuo","normalized full name","medium - requires validation","ISSN/eISSN","matched"
"unimelb-finance-031","Professor Carsten Murawski","Professor","E","b1cf9520-c3a7-49a6-a8e7-7bdad2a64112","The date/delay effect in intertemporal choice: A combined fMRI and eye-tracking study","2024","https://doi.org/10.1002/hbm.26585","10.1002/hbm.26585","Human Brain Mapping","1065-9471","1065-9471","","","Murawski, Carsten","normalized full name","medium - requires validation","unmatched","unmatched"
"unimelb-finance-015","Associate Professor Joachim Inkmann","Associate Professor","D","d91a05e8-be52-4a56-9b65-96763f58c199","Aggregate portfolio choice","2024","https://doi.org/10.1016/j.jempfin.2024.101494","10.1016/j.jempfin.2024.101494","Journal of Empirical Finance","0927-5398","1879-1727","A","3502","Inkmann, Joachim","normalized full name","medium - requires validation","ISSN/eISSN","matched"
"unimelb-finance-044","Dr Nitin Yadav","Senior Lecturer","C","e5bf691f-6a47-4e21-ac62-f9c417e255d0","Price formation in field prediction markets: The wisdom in the crowd","2024","https://doi.org/10.1016/j.finmar.2023.100881","10.1016/j.finmar.2023.100881","Journal of financial markets","1386-4181","1386-4181","A*","3502","Yadav, Nitin","normalized full name","medium - requires validation","ISSN/eISSN","matched"
"unimelb-finance-007","Associate Professor Jonathan Dark","Associate Professor","D","984c300a-f176-446f-9352-614a0eecbfb9","An adaptive long memory conditional correlation model","2024","https://doi.org/10.1016/j.jempfin.2023.101463","10.1016/j.jempfin.2023.101463","Journal of Empirical Finance","0927-5398","1879-1727","A","3502","Dark, Jonathan","normalized full name","medium - requires validation","ISSN/eISSN","matched"
"unimelb-finance-039","Dr Chander Shekhar","Senior Lecturer","C","0c0ffc01-f69f-41f0-ad58-065f68719b1b","Equity in capital raising? Empirical evidence from structured private placements","2024","https://doi.org/10.1016/j.jbankfin.2023.107074","10.1016/j.jbankfin.2023.107074","Journal of Banking & Finance","0378-4266","0378-4266","A*","3502","Shekhar, Chander","normalized full name","medium - requires validation","ISSN/eISSN","matched"
"unimelb-finance-006","Professor Carole Comerton-Forde","Professor","E","6faffcf8-5c58-4098-9dec-d7e7b762e5af","Are Speed Bumps Beneficial?","2023","https://hdl.handle.net/11343/345667","","","","","","","Comerton-Forde, Carole","normalized full name","medium - requires validation","unmatched","unmatched"
"unimelb-finance-044","Dr Nitin Yadav","Senior Lecturer","C","9d9db198-925f-4600-9ce3-81eecd576d0f","Humans in charge of trading robots: The first experiment","2024","https://doi.org/10.1093/rof/rfae007","10.1093/rof/rfae007","Review of Finance","1572-3097","1875-824X","A*","3502","Yadav, Nitin","normalized full name","medium - requires validation","ISSN/eISSN","matched"
"unimelb-finance-044","Dr Nitin Yadav","Senior Lecturer","C","a74add9d-eb93-4ecf-8177-0fbf30faa3c3","Resource allocation, computational complexity, and market design","2024","https://doi.org/10.1016/j.jbef.2024.100906","10.1016/j.jbef.2024.100906","Journal of Behavioral and Experimental Finance","2214-6369","2214-6369","A","3502","Yadav, Nitin","normalized full name","medium - requires validation","normalized journal title","matched"
"unimelb-finance-031","Professor Carsten Murawski","Professor","E","a74add9d-eb93-4ecf-8177-0fbf30faa3c3","Resource allocation, computational complexity, and market design","2024","https://doi.org/10.1016/j.jbef.2024.100906","10.1016/j.jbef.2024.100906","Journal of Behavioral and Experimental Finance","2214-6369","2214-6369","A","3502","Murawski, Carsten","normalized full name","medium - requires validation","normalized journal title","matched"
"unimelb-finance-003","Dr Elizabeth Bowman","Business Manager","","a74add9d-eb93-4ecf-8177-0fbf30faa3c3","Resource allocation, computational complexity, and market design","2024","https://doi.org/10.1016/j.jbef.2024.100906","10.1016/j.jbef.2024.100906","Journal of Behavioral and Experimental Finance","2214-6369","2214-6369","A","3502","Bowman, Elizabeth","normalized full name","medium - requires validation","normalized journal title","matched"
"unimelb-finance-031","Professor Carsten Murawski","Professor","E","03fcc1c0-6d50-4e0a-b7df-16d00d9a3ab2","Financial Advisers’ and Key Informants’ Perspectives on the Australian Industry-Led Moratorium on Genetic Tests in Life Insurance","2023","https://doi.org/10.1159/000533532","10.1159/000533532","Public Health Genomics","1422-2795","1422-2795","","","Murawski, Carsten","normalized full name","medium - requires validation","unmatched","unmatched"
"unimelb-finance-026","Associate Professor Bryan Lim","Associate Professor","D","ab73805c-b35d-49e7-ba77-9148e5d99fdc","The value of growth: Changes in profitability and future stock returns","2024","https://doi.org/10.1016/j.jbankfin.2023.107036","10.1016/j.jbankfin.2023.107036","Journal of Banking & Finance","0378-4266","","A*","3502","Lim, Bryan","normalized full name","medium - requires validation","ISSN/eISSN","matched"
"unimelb-finance-006","Professor Carole Comerton-Forde","Professor","E","1dc444d7-f38a-45c3-be8d-23e26eb81496","Closing Mechanisms in European Equities","2023","https://hdl.handle.net/11343/336902","","","","","","","Comerton-Forde, Carole","normalized full name","medium - requires validation","unmatched","unmatched"
"unimelb-finance-022","Dr Gabriele Lattanzio","Senior Lecturer","C","5de270b0-5f26-4e9c-9f4d-2afeb21570c1","Dissecting the listing gap: Mergers, private equity, or regulation?","2023","https://doi.org/10.1016/j.finmar.2023.100836","10.1016/j.finmar.2023.100836","Journal of financial markets","1386-4181","","A*","3502","Lattanzio, Gabriele","normalized full name","medium - requires validation","ISSN/eISSN","matched"
"unimelb-finance-006","Professor Carole Comerton-Forde","Professor","E","e5a5de51-c64f-43f4-bd8d-f00d5e0e72b3","Retail Trading in European Equity Markets","2023","https://hdl.handle.net/11343/329715","","","","","","","Comerton-Forde, Carole","normalized full name","medium - requires validation","unmatched","unmatched"
"unimelb-finance-002","Dr Attila Balogh","Senior Lecturer","C","eeb51e20-b6e8-49e2-b15a-85bdf34d3f5b","Insider trading","2023","https://doi.org/10.1038/s41597-023-02147-6","10.1038/s41597-023-02147-6","Scientific Data","2052-4463","2052-4463","","","Balogh, Attila","normalized full name","medium - requires validation","unmatched","unmatched"
"unimelb-finance-029","Dr Maurice McCourt","Senior Lecturer","C","a1d75d66-8e2d-4818-b0fc-57172abc8a34","Permanent private equity: Market performance and transactions","2022","https://doi.org/10.1111/jfir.12277","10.1111/jfir.12277","Journal of Financial Research","0270-2592","1475-6803","A","3502","McCourt, Maurice","normalized full name","medium - requires validation","ISSN/eISSN","matched"
"unimelb-finance-007","Associate Professor Jonathan Dark","Associate Professor","D","f49cc2d0-5a4d-4b37-a4d9-a5bb931468ad","Forecasting variance swap payoffs","2022","https://doi.org/10.1002/fut.22371","10.1002/fut.22371","Journal of Futures Markets, The","0270-7314","1096-9934","A","3502","Dark, Jonathan","normalized full name","medium - requires validation","ISSN/eISSN","matched"
"unimelb-finance-032","Professor Federico Nardari","Professor","E","f49cc2d0-5a4d-4b37-a4d9-a5bb931468ad","Forecasting variance swap payoffs","2022","https://doi.org/10.1002/fut.22371","10.1002/fut.22371","Journal of Futures Markets, The","0270-7314","1096-9934","A","3502","Nardari, Federico","normalized full name","medium - requires validation","ISSN/eISSN","matched"
"unimelb-finance-044","Dr Nitin Yadav","Senior Lecturer","C","2329b5f0-643d-4229-9639-5ab636d53028","Task-independent metrics of computational hardness predict human cognitive performance","2022","https://doi.org/10.1038/s41598-022-16565-w","10.1038/s41598-022-16565-w","Scientific Reports","2045-2322","2045-2322","","","Yadav, Nitin","normalized full name","medium - requires validation","unmatched","unmatched"
"unimelb-finance-031","Professor Carsten Murawski","Professor","E","2329b5f0-643d-4229-9639-5ab636d53028","Task-independent metrics of computational hardness predict human cognitive performance","2022","https://doi.org/10.1038/s41598-022-16565-w","10.1038/s41598-022-16565-w","Scientific Reports","2045-2322","2045-2322","","","Murawski, Carsten","normalized full name","medium - requires validation","unmatched","unmatched"
"unimelb-finance-031","Professor Carsten Murawski","Professor","E","86ee360b-fc6a-4f84-a1b2-188e3bc72c06","Caloric Primary Rewards Systematically Alter Time Perception","2017","https://doi.org/10.31234/osf.io/aps6u","10.31234/osf.io/aps6u","Journal of Experimental Psychology: Human Perception and Performance","","","","","Murawski, Carsten","normalized full name","medium - requires validation","unmatched","unmatched"
"unimelb-finance-002","Dr Attila Balogh","Senior Lecturer","C","69e5988a-605f-4bcf-ab98-5be5e953efa8","Time to acquire: Regulatory burden and M&A activity","2022","https://doi.org/10.1016/j.irfa.2022.102047","10.1016/j.irfa.2022.102047","International Review of Financial Analysis","1057-5219","1873-8079","A","3502","Balogh, Attila","normalized full name","medium - requires validation","ISSN/eISSN","matched"
"unimelb-finance-011","Dr Marina Gertsberg","Senior Lecturer","C","722c195d-7cd8-47b3-81f4-0a1a7e7eb782","Evolution of a dealer trading network and its effects on art auction prices","2022","https://doi.org/10.1016/j.euroecorev.2022.104083","10.1016/j.euroecorev.2022.104083","European Economic Review","0014-2921","1873-572X","A*","3801","Gertsberg, Marina","normalized full name","medium - requires validation","ISSN/eISSN","matched"
"unimelb-finance-006","Professor Carole Comerton-Forde","Professor","E","6b512642-1a79-44b2-976b-86b5285abf7c","Measuring Financial Wellbeing with Self-Reported and Bank Record Data*","2022","https://doi.org/10.1111/1475-4932.12664","10.1111/1475-4932.12664","Economic Record","0013-0249","1475-4932","A","3801","Comerton-Forde, Carole","normalized full name","medium - requires validation","ISSN/eISSN","matched"
"unimelb-finance-011","Dr Marina Gertsberg","Senior Lecturer","C","e0f8467b-4314-4cb6-95bf-18a755b96b8a","An empirical analysis of price differences for male and female artists in the global art market","2022","https://doi.org/10.1007/s10824-020-09403-2","10.1007/s10824-020-09403-2","Journal of Cultural Economics","0885-2545","1573-6997","A","3801","Gertsberg, Marina","normalized full name","medium - requires validation","ISSN/eISSN","matched"
"unimelb-finance-031","Professor Carsten Murawski","Professor","E","a32eab58-d16b-4efb-a3ac-4eb0f21edc29","Caloric Primary Rewards Systematically Alter Time Perception","2017","https://doi.org/10.1037/xhp0000418","10.1037/xhp0000418","Journal of Experimental Psychology: Human Perception and Performance","0096-1523","1939-1277","","","Murawski, Carsten","normalized full name","medium - requires validation","unmatched","unmatched"
"unimelb-finance-031","Professor Carsten Murawski","Professor","E","c728cb06-a87f-4c9d-a51a-5f83879a4ef1","Endogenous formation of preferences: Choices systematically change willingness-to-pay for goods","2017","https://doi.org/10.1037/xlm0000415","10.1037/xlm0000415","Journal of Experimental Psychology: Learning Memory and Cognition","0278-7393","1939-1285","A","3507","Murawski, Carsten","normalized full name","medium - requires validation","ISSN/eISSN","matched"
"unimelb-finance-031","Professor Carsten Murawski","Professor","E","a3723d3b-eda0-4bf1-9149-04ccc9e9b039","Dissociating neural variability related to stimulus quality and response times in perceptual decision-making","2018","https://doi.org/10.1016/j.neuropsychologia.2018.01.040","10.1016/j.neuropsychologia.2018.01.040","Neuropsychologia","0028-3932","1873-3514","","","Murawski, Carsten","normalized full name","medium - requires validation","unmatched","unmatched"
"unimelb-finance-031","Professor Carsten Murawski","Professor","E","c2586a40-7ca1-40eb-a782-3d77cf3e564e","Health warnings promote healthier dietary decision making: Effects of positive versus negative message framing and graphic versus text-based warnings","2018","https://doi.org/10.1016/j.appet.2018.05.006","10.1016/j.appet.2018.05.006","Appetite","0195-6663","1095-8304","A","3506","Murawski, Carsten","normalized full name","medium - requires validation","ISSN/eISSN","matched"
"unimelb-finance-031","Professor Carsten Murawski","Professor","E","bef64326-d962-4ab7-a24b-3df8da819920","Hard Decisions Shape the Neural Coding of Preferences","2019","https://doi.org/10.1523/JNEUROSCI.1681-18.2018","10.1523/JNEUROSCI.1681-18.2018","Journal of Neuroscience","0270-6474","1529-2401","","","Murawski, Carsten","normalized full name","medium - requires validation","unmatched","unmatched"
"unimelb-finance-044","Dr Nitin Yadav","Senior Lecturer","C","d2c2df48-724e-5eb7-beb1-292ee6c2f983","Transferring cognitive talent across domains to reduce the disposition effect in investment","2021","https://doi.org/10.1038/s41598-021-02596-2","10.1038/s41598-021-02596-2","Scientific Reports","2045-2322","2045-2322","","","Yadav, Nitin","normalized full name","medium - requires validation","unmatched","unmatched"
"unimelb-finance-038","Associate Professor Sean Pinder","Associate Professor","D","22b66ec6-990d-5205-ad1a-059524894cd2","Documenting the functional form of dynamic risk-taking behaviour in a real options context using sporting contests","2018","https://doi.org/10.1111/acfi.12298","10.1111/acfi.12298","Accounting and Finance","0810-5391","1467-629X","A","3501","Pinder, Sean","normalized full name","medium - requires validation","ISSN/eISSN","matched"
"unimelb-finance-031","Professor Carsten Murawski","Professor","E","8dd5e60b-4a94-5c2a-862e-2691a7de51f5","Measuring the Adequacy of Retirement Savings","2018","https://doi.org/10.1111/roiw.12307","10.1111/roiw.12307","Review of Income and Wealth, The","0034-6586","1475-4991","A","3801","Murawski, Carsten","normalized full name","medium - requires validation","ISSN/eISSN","matched"
"unimelb-finance-001","Dr Gil Aharoni","Senior Lecturer","C","ac7917c6-b605-5af6-8d56-db61e1b7f920","Under weighting of Private Information by Top Analysts","2017","https://doi.org/10.1111/1475-679X.12152","10.1111/1475-679X.12152","Journal of Accounting Research","0021-8456","1475-679X","A*","3501","Aharoni, Gil","normalized full name","medium - requires validation","ISSN/eISSN","matched"
"unimelb-finance-046","Associate Professor Qi Zeng","Associate Professor","D","ac7917c6-b605-5af6-8d56-db61e1b7f920","Under weighting of Private Information by Top Analysts","2017","https://doi.org/10.1111/1475-679X.12152","10.1111/1475-679X.12152","Journal of Accounting Research","0021-8456","1475-679X","A*","3501","Zeng, Qi","normalized full name","medium - requires validation","ISSN/eISSN","matched"
"unimelb-finance-039","Dr Chander Shekhar","Senior Lecturer","C","5efd5268-b323-51b4-bda9-161af940a272","Industry Expertise, Information Leakage and the Choice of M&A Advisors","2016","https://doi.org/10.1111/jbfa.12165","10.1111/jbfa.12165","Journal of Business Finance & Accounting","0306-686X","1468-5957","A*","3501","Shekhar, Chander","normalized full name","medium - requires validation","ISSN/eISSN","matched"
"unimelb-finance-031","Professor Carsten Murawski","Professor","E","ce0e1ebb-840e-57f2-8dd7-6708a3581131","Monetary feedback modulates performance and electrophysiological indices of belief updating in reward learning.","2019","https://doi.org/10.1111/psyp.13431","10.1111/psyp.13431","Psychophysiology","0048-5772","1540-5958","","","Murawski, Carsten","normalized full name","medium - requires validation","unmatched","unmatched"
"unimelb-finance-026","Associate Professor Bryan Lim","Associate Professor","D","7fa4f029-6adb-52da-bec5-cf50caa6e7c7","Good Bids Come to Those Who Wait: The Value of Late Bidding in Online Auctions","2019","https://doi.org/10.1111/1475-4932.12456","10.1111/1475-4932.12456","Economic Record","0013-0249","1475-4932","A","3801","Lim, Bryan","normalized full name","medium - requires validation","ISSN/eISSN","matched"
"unimelb-finance-042","Associate Professor Ekaterina Volkova","Associate Professor","D","43a33754-3a06-5e5a-884c-e62d3cc84999","Watch Your Basket - to Determine CEO Compensation","2019","https://doi.org/10.1111/fima.12243","10.1111/fima.12243","Financial Management","0046-3892","1755-053X","A*","3502","Volkova, Ekaterina","normalized full name","medium - requires validation","ISSN/eISSN","matched"
"unimelb-finance-017","Associate Professor Hae Won (Henny) Jung","Associate Professor","D","43a33754-3a06-5e5a-884c-e62d3cc84999","Watch Your Basket - to Determine CEO Compensation","2019","https://doi.org/10.1111/fima.12243","10.1111/fima.12243","Financial Management","0046-3892","1755-053X","A*","3502","Jung, Hae Won","normalized full name","medium - requires validation","ISSN/eISSN","matched"
"unimelb-finance-046","Associate Professor Qi Zeng","Associate Professor","D","5adbd4f1-df65-507b-a9db-784b7a60bccd","Downside Risk Aversion and the Downside Risk Premium","2018","https://doi.org/10.1111/jori.12241","10.1111/jori.12241","Journal of Risk and Insurance","0022-4367","1539-6975","A","3502","Zeng, Qi","normalized full name","medium - requires validation","ISSN/eISSN","matched"
"unimelb-finance-012","Dr André Gygax","Senior Lecturer","C","e8cb74b9-0a51-5da2-a0fd-f9cc67af2bca","Succession financing in family firms","2013","https://doi.org/10.1007/s11187-012-9442-z","10.1007/s11187-012-9442-z","Small Business Economics","0921-898X","1573-0913","A","3507","Gygax, Andre","normalized full name","medium - requires validation","ISSN/eISSN","matched"
"unimelb-finance-007","Associate Professor Jonathan Dark","Associate Professor","D","4e1db179-aa6e-46e3-a474-6d62df1817df","The lead of oil price rises on US equity market beliefs and preferences","2021","https://doi.org/10.1002/fut.22247","10.1002/fut.22247","Journal of Futures Markets, The","0270-7314","1096-9934","A","3502","Dark, Jonathan","normalized full name","medium - requires validation","ISSN/eISSN","matched"
"unimelb-finance-031","Professor Carsten Murawski","Professor","E","e8818a61-9265-5d07-a580-e513bf7e555b","Individual Differences in Intertemporal Choice","2021","https://doi.org/10.3389/fpsyg.2021.643670","10.3389/fpsyg.2021.643670","Frontiers in Psychology","1664-1078","1664-1078","","","Murawski, Carsten","normalized full name","medium - requires validation","unmatched","unmatched"
"unimelb-finance-039","Dr Chander Shekhar","Senior Lecturer","C","0e8b6742-4d76-53dc-8fc6-17ae59f6f04b","Introducing a national essential diagnostics list in India.","2021","https://doi.org/10.2471/BLT.20.268037","10.2471/BLT.20.268037","Bulletin of the World Health Organization","0042-9686","1564-0604","","","Shekhar, Chander","normalized full name","medium - requires validation","unmatched","unmatched"
"unimelb-finance-039","Dr Chander Shekhar","Senior Lecturer","C","7c0e716b-c7e8-5a62-b047-492015e8de41","The incidence of abortion and unintended pregnancy in India, 2015.","2018","https://doi.org/10.1016/S2214-109X(17)30453-9","10.1016/S2214-109X(17)30453-9","The Lancet Global Health","2214-109X","2214-109X","","","Shekhar, Chander","normalized full name","medium - requires validation","unmatched","unmatched"
"unimelb-finance-039","Dr Chander Shekhar","Senior Lecturer","C","389e2b58-e37f-5b4c-bec9-4f29548cb6ca","Level, Trend and Correlates of Mistimed and Unwanted Pregnancies among Currently Pregnant Ever Married Women in India.","2015","https://doi.org/10.1371/journal.pone.0144400","10.1371/journal.pone.0144400","PLoS ONE","1932-6203","1932-6203","","","Shekhar, Chander","normalized full name","medium - requires validation","unmatched","unmatched"
"unimelb-finance-039","Dr Chander Shekhar","Senior Lecturer","C","3b70ef0c-5300-5725-b6d4-b72b146894c3","Malaria prevalence among pregnant women in two districts with differing endemicity in Chhattisgarh, India.","2012","https://doi.org/10.1186/1475-2875-11-274","10.1186/1475-2875-11-274","Malaria Journal","1475-2875","1475-2875","","","Shekhar, Chander","normalized full name","medium - requires validation","unmatched","unmatched"
"unimelb-finance-039","Dr Chander Shekhar","Senior Lecturer","C","1cb866e1-b64e-5956-a1b8-04c5c3b0409f","Evaluation and management of patients with noncardiac chest pain.","2008","https://doi.org/10.1155/2008/708218","10.1155/2008/708218","Gastroenterology Research and Practice","1687-6121","1687-630X","","","Shekhar, Chander","normalized full name","medium - requires validation","unmatched","unmatched"
"unimelb-finance-044","Dr Nitin Yadav","Senior Lecturer","C","87b7611d-591d-5b81-be82-c2e5ff1dd032","Exploiting Distributional Temporal Difference Learning to Deal with Tail Risk","2020","https://doi.org/10.3390/risks8040113","10.3390/risks8040113","Risks","2227-9091","2227-9091","","","Yadav, Nitin","normalized full name","medium - requires validation","unmatched","unmatched"
"unimelb-finance-038","Associate Professor Sean Pinder","Associate Professor","D","da7dd345-54db-4b5c-8d9a-421798a56b38","Loss aversion and high stakes","2022","https://doi.org/10.1111/acfi.12802","10.1111/acfi.12802","Accounting and Finance","0810-5391","1467-629X","A","3501","Pinder, Sean","normalized full name","medium - requires validation","ISSN/eISSN","matched"
"unimelb-finance-003","Dr Elizabeth Bowman","Business Manager","","bd22f9f9-5d0d-5b68-9528-8747661e12f0","Longitudinal assessment of reflexive and volitional saccades in Niemann-Pick Type C disease during treatment with miglustat","2015","https://doi.org/10.1186/s13023-015-0377-8","10.1186/s13023-015-0377-8","Orphanet Journal of Rare Diseases","1750-1172","1750-1172","","","Bowman, Elizabeth","normalized full name","medium - requires validation","unmatched","unmatched"
"unimelb-finance-004","Associate Professor James Brugler","Associate Professor","D","edc765f4-8e10-5ad7-ac36-10071efc2aa3","Comment on: Price Discovery in High Resolution","2021","https://doi.org/10.1093/jjfinec/nbz005","10.1093/jjfinec/nbz005","Journal of Financial Econometrics","1479-8409","1479-8417","A*","3802","Brugler, James","normalized full name","medium - requires validation","ISSN/eISSN","matched"
"unimelb-finance-006","Professor Carole Comerton-Forde","Professor","E","edc765f4-8e10-5ad7-ac36-10071efc2aa3","Comment on: Price Discovery in High Resolution","2021","https://doi.org/10.1093/jjfinec/nbz005","10.1093/jjfinec/nbz005","Journal of Financial Econometrics","1479-8409","1479-8417","A*","3802","Comerton-Forde, Carole","normalized full name","medium - requires validation","ISSN/eISSN","matched"
"unimelb-finance-004","Associate Professor James Brugler","Associate Professor","D","579b6fda-2539-5e00-8cc9-e5919f3457ad","Does Financial Market Structure Affect the Cost of Raising Capital?","2021","https://doi.org/10.1017/S0022109020000381","10.1017/S0022109020000381","Journal of Financial and Quantitative Analysis","0022-1090","1756-6916","A*","3502","Brugler, James","normalized full name","medium - requires validation","ISSN/eISSN","matched"
"unimelb-finance-006","Professor Carole Comerton-Forde","Professor","E","579b6fda-2539-5e00-8cc9-e5919f3457ad","Does Financial Market Structure Affect the Cost of Raising Capital?","2021","https://doi.org/10.1017/S0022109020000381","10.1017/S0022109020000381","Journal of Financial and Quantitative Analysis","0022-1090","1756-6916","A*","3502","Comerton-Forde, Carole","normalized full name","medium - requires validation","ISSN/eISSN","matched"
"unimelb-finance-031","Professor Carsten Murawski","Professor","E","9e0f867e-4e5e-5e7b-8541-e54a53b5d3d7","The anticipation and outcome phases of reward and loss processing: A neuroimaging meta-analysis of the monetary incentive delay task","2018","https://doi.org/10.1002/hbm.24184","10.1002/hbm.24184","Human Brain Mapping","1065-9471","1097-0193","","","Murawski, Carsten","normalized full name","medium - requires validation","unmatched","unmatched"
"unimelb-finance-044","Dr Nitin Yadav","Senior Lecturer","C","7d7b98fa-ba72-5d22-aa8b-aae8a6ec0f16","Uncertainty and computational complexity","2018","https://doi.org/10.1098/rstb.2018.0138","10.1098/rstb.2018.0138","Philosophical Transactions of the Royal Society of London. Biological Sciences","0962-8436","1471-2970","","","Yadav, Nitin","normalized full name","medium - requires validation","unmatched","unmatched"
"unimelb-finance-031","Professor Carsten Murawski","Professor","E","7d7b98fa-ba72-5d22-aa8b-aae8a6ec0f16","Uncertainty and computational complexity","2018","https://doi.org/10.1098/rstb.2018.0138","10.1098/rstb.2018.0138","Philosophical Transactions of the Royal Society of London. Biological Sciences","0962-8436","1471-2970","","","Murawski, Carsten","normalized full name","medium - requires validation","unmatched","unmatched"
"unimelb-finance-031","Professor Carsten Murawski","Professor","E","fc26b957-3b3e-5838-a3d1-4d0da96639a0","Defining Compulsive Behavior","2019","https://doi.org/10.1007/s11065-019-09404-9","10.1007/s11065-019-09404-9","Neuropsychology Review","1040-7308","1573-6660","","","Murawski, Carsten","normalized full name","medium - requires validation","unmatched","unmatched"
"unimelb-finance-031","Professor Carsten Murawski","Professor","E","0c23787d-c7d7-55ee-8690-6fae8fb5de2e","Separating Probability and Reversal Learning in a Novel Probabilistic Reversal Learning Task for Mice","2020","https://doi.org/10.3389/fnbeh.2019.00270","10.3389/fnbeh.2019.00270","Frontiers in Behavioral Neuroscience","1662-5153","1662-5153","","","Murawski, Carsten","normalized full name","medium - requires validation","unmatched","unmatched"
"unimelb-finance-031","Professor Carsten Murawski","Professor","E","ebf70b3b-5237-5259-b8dd-340ff91ad6ba","Led into temptation? rewarding brand logos bias the neural encoding of incidental economic decisions","2012","https://doi.org/10.1371/journal.pone.0034155","10.1371/journal.pone.0034155","PLoS ONE","1932-6203","1932-6203","","","Murawski, Carsten","normalized full name","medium - requires validation","unmatched","unmatched"
"unimelb-finance-031","Professor Carsten Murawski","Professor","E","e025fc7c-1323-5170-8942-fd73dba28674","Effective brain connectivity at rest is associated with choice-induced preference formation.","2020","https://doi.org/10.1002/hbm.24999","10.1002/hbm.24999","Human Brain Mapping","1065-9471","1097-0193","","","Murawski, Carsten","normalized full name","medium - requires validation","unmatched","unmatched"
"unimelb-finance-004","Associate Professor James Brugler","Associate Professor","D","2e518589-ad24-5c19-a046-fb7c79e9e76a","The Cross-Sectional Spillovers of Single Stock Circuit Breakers","2018","https://doi.org/10.1142/S2382626619500084","10.1142/S2382626619500084","Market Microstructure and Liquidity","2382-6266","2424-8037","B","3502","Brugler, James","normalized full name","medium - requires validation","ISSN/eISSN","matched"
"unimelb-finance-039","Dr Chander Shekhar","Senior Lecturer","C","a540b771-3f86-5a25-962a-df783934ec48","Rights issues: Retail shareholders and their participation decisions","2021","https://doi.org/10.1111/irfi.12307","10.1111/irfi.12307","International Review of Finance","1369-412X","1468-2443","A","3502","Shekhar, Chander","normalized full name","medium - requires validation","ISSN/eISSN","matched"
"unimelb-finance-012","Dr André Gygax","Senior Lecturer","C","7a4a6772-c929-5454-ac2c-e76f49f8d5f1","Modeling the Total Energy Consumption of Mobile Network Services and Applications","2019","https://doi.org/10.3390/en12010184","10.3390/en12010184","Energies","1996-1073","1996-1073","","","Gygax, Andre","normalized full name","medium - requires validation","unmatched","unmatched"
"unimelb-finance-042","Associate Professor Ekaterina Volkova","Associate Professor","D","f76d279c-41f4-52be-b638-5247e5b63bef","Can VPIN forecast geopolitical events? Evidence from the 2014 Crimean Crisis","2018","https://doi.org/10.1007/s10436-017-0314-z","10.1007/s10436-017-0314-z","Annals of Finance","1614-2446","1614-2454","B","3502","Volkova, Ekaterina","normalized full name","medium - requires validation","ISSN/eISSN","matched"
"unimelb-finance-031","Professor Carsten Murawski","Professor","E","4cdd8fdd-2603-523f-8b35-4d15a5c1a800","The neural encoding of information prediction errors during non-instrumental information seeking","2018","https://doi.org/10.1038/s41598-018-24566-x","10.1038/s41598-018-24566-x","Scientific Reports","2045-2322","2045-2322","","","Murawski, Carsten","normalized full name","medium - requires validation","unmatched","unmatched"
"unimelb-finance-031","Professor Carsten Murawski","Professor","E","44b7a1c8-58b8-5273-957f-0e489797ca00","Food product health warnings promote dietary self-control through reductions in neural signals indexing food cue reactivity","2018","https://doi.org/10.1016/j.nicl.2018.03.004","10.1016/j.nicl.2018.03.004","NeuroImage: Clinical","2213-1582","2213-1582","","","Murawski, Carsten","normalized full name","medium - requires validation","unmatched","unmatched"
"unimelb-finance-031","Professor Carsten Murawski","Professor","E","43823b99-68c7-56a8-bf01-1bf21f852713","The Socio-Moral Image Database (SMID): A novel stimulus set for the study of social, moral and affective processes","2018","https://doi.org/10.1371/journal.pone.0190954","10.1371/journal.pone.0190954","PLoS ONE","1932-6203","1932-6203","","","Murawski, Carsten","normalized full name","medium - requires validation","unmatched","unmatched"
"unimelb-finance-031","Professor Carsten Murawski","Professor","E","ae65a76c-0bdd-5249-9c90-19bfe3dba7bc","Cardiac signals are independently associated with temporal discounting and time perception","2017","https://doi.org/10.3389/fnbeh.2017.00001","10.3389/fnbeh.2017.00001","Frontiers in Behavioral Neuroscience","1662-5153","1662-5153","","","Murawski, Carsten","normalized full name","medium - requires validation","unmatched","unmatched"
"unimelb-finance-031","Professor Carsten Murawski","Professor","E","3750c663-8791-5b1e-8550-bcf69caeba9f","High monetary reward rates and caloric rewards decrease temporal persistence","2017","https://doi.org/10.1098/rspb.2016.2759","10.1098/rspb.2016.2759","Proceedings of the Royal Society of London. Biological Sciences","0962-8452","1471-2954","","","Murawski, Carsten","normalized full name","medium - requires validation","unmatched","unmatched"
"unimelb-finance-003","Dr Elizabeth Bowman","Business Manager","","f97cbfcd-241e-53d0-8e1f-96004326cc6c","Longitudinal changes in white matter fractional anisotropy in adult-onset Niemann-Pick disease type C patients treated with miglustat","2018","https://doi.org/10.1007/8904_2017_42","10.1007/8904_2017_42","Journal of Inherited Metabolic Disease","0141-8955","2192-8312","","","Bowman, Elizabeth","normalized full name","medium - requires validation","unmatched","unmatched"
"unimelb-finance-031","Professor Carsten Murawski","Professor","E","6054dd62-906f-5e8f-aa83-8f805e706177","Single-trial event-related potential correlates of belief updating","2015","https://doi.org/10.1523/ENEURO.0076-15.2015","10.1523/ENEURO.0076-15.2015","eNeuro","2373-2822","2373-2822","","","Murawski, Carsten","normalized full name","medium - requires validation","unmatched","unmatched"
"unimelb-finance-012","Dr André Gygax","Senior Lecturer","C","6f30e9e0-23b0-5d3a-932b-12be17724912","Network Energy Consumption Assessment of Conventional Mobile Services and Over-The-Top Instant Messaging Applications","2016","https://doi.org/10.1109/JSAC.2016.2611978","10.1109/JSAC.2016.2611978","IEEE Journal on Selected Areas in Communications","0733-8716","1558-0008","","","Gygax, Andre","normalized full name","medium - requires validation","unmatched","unmatched"
"unimelb-finance-027","Associate Professor Andrea Lu","Associate Professor","D","cb5c24d3-ecc2-5e00-949f-df0a470c0406","Slow Diffusion of Information and Price Momentum in Stocks: Evidence from Options Markets","2017","https://doi.org/10.1016/j.jbankfin.2016.11.010","10.1016/j.jbankfin.2016.11.010","Journal of Banking & Finance","0378-4266","1872-6372","A*","3502","Lu, Andrea","normalized full name","medium - requires validation","ISSN/eISSN","matched"
"unimelb-finance-031","Professor Carsten Murawski","Professor","E","f3f78073-8c70-5b0e-9546-33f73b9a71a4","Intrinsic Valuation of Information in Decision Making under Uncertainty","2016","https://doi.org/10.1371/journal.pcbi.1005020","10.1371/journal.pcbi.1005020","PLoS Computational Biology","1553-734X","1553-7358","","","Murawski, Carsten","normalized full name","medium - requires validation","unmatched","unmatched"
"unimelb-finance-006","Professor Carole Comerton-Forde","Professor","E","48df2866-371c-5acf-b783-61abf3f0b971","Assessing the information content of short-selling metrics using daily disclosures","2016","https://doi.org/10.1016/j.jbankfin.2015.12.009","10.1016/j.jbankfin.2015.12.009","Journal of Banking & Finance","0378-4266","1872-6372","A*","3502","Comerton-Forde, Carole","normalized full name","medium - requires validation","ISSN/eISSN","matched"
"unimelb-finance-031","Professor Carsten Murawski","Professor","E","81f86261-0b5c-5cb8-b868-9dc0692dcd3d","How Humans Solve Complex Problems: The Case of the Knapsack Problem","2016","https://doi.org/10.1038/srep34851","10.1038/srep34851","Scientific Reports","2045-2322","2045-2322","","","Murawski, Carsten","normalized full name","medium - requires validation","unmatched","unmatched"
"unimelb-finance-031","Professor Carsten Murawski","Professor","E","8c27f92f-0148-5b4f-8425-c004dea2bec5","Incidental rewarding cues influence economic decisions in people with obesity","2015","https://doi.org/10.3389/fnbeh.2015.00278","10.3389/fnbeh.2015.00278","Frontiers in Behavioral Neuroscience","1662-5153","1662-5153","","","Murawski, Carsten","normalized full name","medium - requires validation","unmatched","unmatched"
"unimelb-finance-012","Dr André Gygax","Senior Lecturer","C","1a34e7ec-9718-5540-a40a-67581a9f7d2c","Telecommunications energy and greenhouse gas emissions management for future network growth","2016","https://doi.org/10.1016/j.apenergy.2016.01.007","10.1016/j.apenergy.2016.01.007","Applied Energy","0306-2619","1872-9118","A","3599","Gygax, Andre","normalized full name","medium - requires validation","ISSN/eISSN","matched"
"unimelb-finance-012","Dr André Gygax","Senior Lecturer","C","f8156629-f9d7-5894-a372-3708302d66e5","Assessing network energy consumption of mobile applications","2015","https://doi.org/10.1109/MCOM.2015.7321989","10.1109/MCOM.2015.7321989","IEEE Communications Magazine","0163-6804","1558-1896","","","Gygax, Andre","normalized full name","medium - requires validation","unmatched","unmatched"
"unimelb-finance-006","Professor Carole Comerton-Forde","Professor","E","ad966e22-6f5c-5d7f-8142-4c22692599a2","Stock price manipulation: Prevalence and determinants","2014","https://doi.org/10.1093/rof/rfs040","10.1093/rof/rfs040","Review of Finance","1572-3097","1573-692X","A*","3502","Comerton-Forde, Carole","normalized full name","medium - requires validation","ISSN/eISSN","matched"
"unimelb-finance-006","Professor Carole Comerton-Forde","Professor","E","899c4196-345c-554f-b437-5bb6d2aa8808","Is Australia HFT-friendly?","2012","https://www.finsia.com/docs/default-source/jassa-new/jassa-2012/jassa-2012-issue-3/is-australia-hft-friendly.pdf?sfvrsn=5","","JASSA","0313-5934","","B","3502","Comerton-Forde, Carole","normalized full name","medium - requires validation","ISSN/eISSN","matched"
"unimelb-finance-006","Professor Carole Comerton-Forde","Professor","E","a1412823-445c-59c6-9399-8ed2d3bbacd7","Shorting at close range: a tale of two types","2016","https://doi.org/10.1016/j.jfineco.2016.05.002","10.1016/j.jfineco.2016.05.002","Journal of Financial Economics","0304-405X","","A*","3502","Comerton-Forde, Carole","normalized full name","medium - requires validation","ISSN/eISSN","matched"
"unimelb-finance-006","Professor Carole Comerton-Forde","Professor","E","cdc58601-e99d-5e57-a4d0-72d392f48258","Dark trading and price discovery","2015","https://doi.org/10.1016/j.jfineco.2015.06.013","10.1016/j.jfineco.2015.06.013","Journal of Financial Economics","0304-405X","","A*","3502","Comerton-Forde, Carole","normalized full name","medium - requires validation","ISSN/eISSN","matched"
"unimelb-finance-031","Professor Carsten Murawski","Professor","E","22d0ca3b-6ec8-538c-ba63-0f5f0db3468e","Distributed patterns of event-related potentials predict subsequent ratings of abstract stimulus attributes","2014","https://doi.org/10.1371/journal.pone.0109070","10.1371/journal.pone.0109070","PLoS ONE","1932-6203","1932-6203","","","Murawski, Carsten","normalized full name","medium - requires validation","unmatched","unmatched"
"unimelb-finance-012","Dr André Gygax","Senior Lecturer","C","de4d25a8-e16b-554f-b371-dcc05a748fee","Board interlocking network and the design of executive compensation packages","2015","https://doi.org/10.1016/j.socnet.2014.12.002","10.1016/j.socnet.2014.12.002","Social Networks","0378-8733","","","","Gygax, Andre","normalized full name","medium - requires validation","unmatched","unmatched"
"unimelb-finance-007","Associate Professor Jonathan Dark","Associate Professor","D","8f553c68-ff16-5bcc-8825-969b923babc7","Factors predicting stomal wound closure infection rates","2013","https://doi.org/10.1007/s10151-012-0908-4","10.1007/s10151-012-0908-4","Techniques in Coloproctology","1123-6337","1128-045X","","","Dark, Jonathan","normalized full name","medium - requires validation","unmatched","unmatched"
"unimelb-finance-003","Dr Elizabeth Bowman","Business Manager","","5876b369-4d02-5257-9e50-b643cbae8b5e","Saccadic Eye Movement Characteristics in Adult Niemann-Pick Type C Disease: Relationships with Disease Severity and Brain Structural Measures","2012","https://doi.org/10.1371/journal.pone.0050947","10.1371/journal.pone.0050947","PLoS ONE","1932-6203","1932-6203","","","Bowman, Elizabeth","normalized full name","medium - requires validation","unmatched","unmatched"
"unimelb-finance-026","Associate Professor Bryan Lim","Associate Professor","D","ee1271d3-375e-5e17-83a5-15831a34f3eb","Do option markets undo restrictions on short sales? Evidence from the 2008 short-sale ban","2012","https://doi.org/10.1016/j.jfineco.2012.05.013","10.1016/j.jfineco.2012.05.013","Journal of Financial Economics","0304-405X","","A*","3502","Lim, Bryan","normalized full name","medium - requires validation","ISSN/eISSN","matched"
"unimelb-finance-001","Dr Gil Aharoni","Senior Lecturer","C","aa4eca6f-b560-5f64-9eeb-b776e80f1366","Two Paths to Financial Distress","2008","https://hdl.handle.net/11343/32264","","Proceedings of the 2008 European Financial Management Association","","","","","Aharoni, Gil","normalized full name","medium - requires validation","unmatched","unmatched"
"unimelb-finance-046","Associate Professor Qi Zeng","Associate Professor","D","aa4eca6f-b560-5f64-9eeb-b776e80f1366","Two Paths to Financial Distress","2008","https://hdl.handle.net/11343/32264","","Proceedings of the 2008 European Financial Management Association","","","","","Zeng, Qi","normalized full name","medium - requires validation","unmatched","unmatched"
"unimelb-finance-038","Associate Professor Sean Pinder","Associate Professor","D","2df271cb-5dd1-5d59-ba5c-8f4b9bd15d49","Managerial perspectives on corporate finance decisions","2008","https://hdl.handle.net/11343/32261","","2008 AFAANZ Conference","","","","","Pinder, Sean","normalized full name","medium - requires validation","unmatched","unmatched"
"unimelb-finance-039","Dr Chander Shekhar","Senior Lecturer","C","b64fd7ee-0321-53ed-97b7-1b3b77bc5929","Takeovers, Ownership, and Shareholder Wealth — The Australian Evidence","2005","https://doi.org/10.1108/eb043433","10.1108/eb043433","Review of Accounting and Finance","1475-7702","","B","3501","Shekhar, Chander","normalized full name","medium - requires validation","ISSN/eISSN","matched"
"unimelb-finance-038","Associate Professor Sean Pinder","Associate Professor","D","f38072d3-6b8b-5889-8f37-b4c5b319a8b7","An empirical investigation of whether Australian capital gains tax reforms influence individual investor behaviour","2007","https://doi.org/10.1016/j.pacfin.2006.12.001","10.1016/j.pacfin.2006.12.001","Pacific Basin Finance Journal","0927-538X","","A","3502","Pinder, Sean","normalized full name","medium - requires validation","ISSN/eISSN","matched"
"unimelb-finance-021","Associate Professor Asjeet Lamba","Associate Professor","D","2249b848-97d7-5a14-aaac-00e4f95f6b15","International joint ventures and political risk","2005","https://hdl.handle.net/11343/29531","","Journal of Business and Policy Research","1449-387X","","","","Lamba, Asjeet","normalized full name","medium - requires validation","unmatched","unmatched"
"unimelb-finance-012","Dr André Gygax","Senior Lecturer","C","e8838b4d-ac5c-5214-8f95-2204c4440679","Index composition changes and the cost of incumbency","2010","https://doi.org/10.1016/j.jbankfin.2010.04.007","10.1016/j.jbankfin.2010.04.007","Journal of Banking & Finance","0378-4266","1872-6372","A*","3502","Gygax, Andre","normalized full name","medium - requires validation","ISSN/eISSN","matched"
"unimelb-finance-021","Associate Professor Asjeet Lamba","Associate Professor","D","9354f8a2-662b-511e-b7fe-698b800e0b3c","The Role of Executive Stock Options in On‐Market Share Buybacks<sup>*</sup>","2010","https://doi.org/10.1111/j.1468-2443.2010.01118.x","10.1111/j.1468-2443.2010.01118.x","International Review of Finance","1369-412X","1468-2443","A","3502","Lamba, Asjeet","normalized full name","medium - requires validation","ISSN/eISSN","matched"
"unimelb-finance-021","Associate Professor Asjeet Lamba","Associate Professor","D","6baf5718-deed-5da8-85f5-faa0fc6f9018","The&nbsp;valuation effects of prime rate revisions: Is there an advantage of being first?","2006","https://hdl.handle.net/11343/29522","","International Review of Finance","1369-412X","","A","3502","Lamba, Asjeet","normalized full name","medium - requires validation","ISSN/eISSN","matched"
"unimelb-finance-039","Dr Chander Shekhar","Senior Lecturer","C","d7010fb8-40cd-5efa-9f60-5dfeba2fbd6e","Governance structures of initial public offerings in Australia","2007","https://doi.org/10.1111/j.1467-8683.2007.00639.x","10.1111/j.1467-8683.2007.00639.x","Corporate governance. An International Review","0964-8410","1467-8683","A","3507","Shekhar, Chander","normalized full name","medium - requires validation","ISSN/eISSN","matched"
"unimelb-finance-012","Dr André Gygax","Senior Lecturer","C","b481a07d-0dc0-5169-a32b-23e5ad9befa1","Pricing errors and estimates of risk premia in factor models","2010","https://doi.org/10.1007/s10436-008-0116-4","10.1007/s10436-008-0116-4","Annals of Finance","1614-2446","1614-2454","B","3502","Gygax, Andre","normalized full name","medium - requires validation","ISSN/eISSN","matched"
"unimelb-finance-013","Professor John Handley","Professor","E","2fc2a85e-1906-5864-bf2a-ec12c960dc8c","On the upper bound of a call option","2005","https://doi.org/10.1007/s11147-005-0381-6","10.1007/s11147-005-0381-6","Review of Derivatives Research","1380-6645","1573-7144","B","3502","Handley, John","normalized full name","medium - requires validation","ISSN/eISSN","matched"
"unimelb-finance-020","Professor Paul Kofman","Professor","E","7251cf1c-0a37-5787-a8dd-df78d7a296b7","Diversification, fee income, and credit union risk","2005","https://doi.org/10.1007/s10693-005-1804-0","10.1007/s10693-005-1804-0","Journal of Financial Services Research","0920-8550","1573-0735","A","3502","Kofman, Paul","normalized full name","medium - requires validation","ISSN/eISSN","matched"
"unimelb-finance-038","Associate Professor Sean Pinder","Associate Professor","D","5c73b8c4-2595-5cb1-841f-9259d41f8c76","Australian evidence on the determinants and impact of takeover resistance","2005","https://doi.org/10.1111/j.1467-629X.2005.00140.x","10.1111/j.1467-629X.2005.00140.x","Accounting and Finance","0810-5391","1467-629X","A","3501","Pinder, Sean","normalized full name","medium - requires validation","ISSN/eISSN","matched"
"unimelb-finance-038","Associate Professor Sean Pinder","Associate Professor","D","aa0dbfeb-c97e-5dac-a06e-3c47c0e20f46","Narratives in managers' corporate finance decisions","2010","https://doi.org/10.1111/j.1467-629X.2010.00343.x","10.1111/j.1467-629X.2010.00343.x","Accounting and Finance","0810-5391","1467-629X","A","3501","Pinder, Sean","normalized full name","medium - requires validation","ISSN/eISSN","matched"
"unimelb-finance-013","Professor John Handley","Professor","E","f840f600-c121-571e-add8-726a81b49df0","Re-examination of the historical equity risk premium in Australia","2008","https://doi.org/10.1111/j.1467-629X.2007.00231.x","10.1111/j.1467-629X.2007.00231.x","Accounting and Finance","0810-5391","1467-629X","A","3501","Handley, John","normalized full name","medium - requires validation","ISSN/eISSN","matched"
"unimelb-finance-012","Dr André Gygax","Senior Lecturer","C","0f42e149-5ec3-52eb-b583-ad8826ffbc0e","Audit quality, auditor compensation and initial public offering underpricing","2008","https://doi.org/10.1111/j.1467-629X.2008.00275.x","10.1111/j.1467-629X.2008.00275.x","Accounting and Finance","0810-5391","1467-629X","A","3501","Gygax, Andre","normalized full name","medium - requires validation","ISSN/eISSN","matched"
"unimelb-finance-020","Professor Paul Kofman","Professor","E","d067b0b3-96eb-58a2-85c1-521d36e7b809","Intraday REIT liquidity","2005","https://doi.org/10.1080/10835547.2005.12091153","10.1080/10835547.2005.12091153","Journal of Real Estate Research, The","0896-5803","2691-1175","B","3504","Kofman, Paul","normalized full name","medium - requires validation","ISSN/eISSN","matched"
"unimelb-finance-038","Associate Professor Sean Pinder","Associate Professor","D","4e46da84-39ba-5b5f-926a-75d1fe87a30c","A Refutation of the Existence of the Other January Effect","2007","https://hdl.handle.net/11343/27938","","International Review of Finance","1369-412X","","A","3502","Pinder, Sean","normalized full name","medium - requires validation","ISSN/eISSN","matched"
"unimelb-finance-020","Professor Paul Kofman","Professor","E","ab767b6e-6c9f-583c-b510-37b081a915d4","Increasing correlations or just fat tails?","2008","https://doi.org/10.1016/j.jempfin.2007.01.001","10.1016/j.jempfin.2007.01.001","Journal of Empirical Finance","0927-5398","1879-1727","A","3502","Kofman, Paul","normalized full name","medium - requires validation","ISSN/eISSN","matched"
"unimelb-finance-013","Professor John Handley","Professor","E","d632ac9b-fa8d-5629-9cd9-cd67210bcb70","Dividend policy: Reconciling DD with MM","2008","https://doi.org/10.1016/j.jfineco.2007.02.002","10.1016/j.jfineco.2007.02.002","Journal of Financial Economics","0304-405X","","A*","3502","Handley, John","normalized full name","medium - requires validation","ISSN/eISSN","matched"
"unimelb-finance-013","Professor John Handley","Professor","E","eae08bab-0a9e-5ada-95e4-901a2a3b3580","An Empirical Test of the Pricing of VPO Contracts","2003","https://doi.org/10.1177/031289620302800101","10.1177/031289620302800101","Australian Journal of Management","0312-8962","1327-2020","A","3502","Handley, John","normalized full name","medium - requires validation","ISSN/eISSN","matched"
"unimelb-finance-020","Professor Paul Kofman","Professor","E","9c2addcf-458c-53f2-a15a-9a0e0f8513ba","Using Multiple Imputation in the Analysis of Incomplete Observations in Finance","2003","https://doi.org/10.1093/jjfinec/nbg013","10.1093/jjfinec/nbg013","Journal of Financial Econometrics","1479-8409","1479-8417","A*","3802","Kofman, Paul","normalized full name","medium - requires validation","ISSN/eISSN","matched"
"unimelb-finance-046","Associate Professor Qi Zeng","Associate Professor","D","cb15a7c5-cac5-54e7-b497-7c944633e543","Equilibrium stock return dynamics under alternative rules of learning about hidden states","2004","https://doi.org/10.1016/j.jedc.2003.09.003","10.1016/j.jedc.2003.09.003","Journal of Economic Dynamics and Control","0165-1889","1879-1743","A*","3801","Zeng, Qi","normalized full name","medium - requires validation","ISSN/eISSN","matched"
