researcher_id,researcher_name,profile_url,internal_id,orcid,repository_author_name,identity_match_method,identity_match_confidence,candidate_count,requires_review,review_reason
unimelb-accounting-001,Professor Margaret Abernethy,https://findanexpert.unimelb.edu.au/profile/14551,4757,0000-0002-1244-7593,"Abernethy, Margaret",exact_normalized_full_name_to_minerva_internal_author,high,1,false,
unimelb-accounting-002,Professor Rosemary Addis,https://fbe.unimelb.edu.au/our-people/staff/accounting/rosemary-addis,,,,unmatched,none,0,true,No Minerva internal-author identity found in the departmental seed collection
unimelb-accounting-003,Professor Gary Biddle,https://findanexpert.unimelb.edu.au/profile/774767,120646,0000-0003-3405-0738,"Biddle, Gary",exact_normalized_full_name_to_minerva_internal_author,high,1,false,
unimelb-accounting-004,Dr Stuart Black,https://findanexpert.unimelb.edu.au/profile/900177,164026,0000-0002-5391-256X,"Black, Stuart",exact_normalized_full_name_to_minerva_internal_author,high,1,false,
unimelb-accounting-005,Dr Jonathan Black,https://findanexpert.unimelb.edu.au/profile/1045278,182928,0000-0001-9805-5672,"Black, Jonathan",exact_normalized_full_name_to_minerva_internal_author,high,1,false,
unimelb-accounting-006,Mr Noel Boys,https://findanexpert.unimelb.edu.au/profile/11503,,,,unmatched,none,0,true,No Minerva internal-author identity found in the departmental seed collection
unimelb-accounting-007,Professor Albie Brooks,https://findanexpert.unimelb.edu.au/profile/177702,,,,unmatched,none,0,true,No Minerva internal-author identity found in the departmental seed collection
unimelb-accounting-008,Associate Professor Geoffrey Burrows,https://fbe.unimelb.edu.au/our-people/staff/accounting/geoffrey_burrows,11110,,"Burrows, Geoffrey",exact_normalized_full_name_to_minerva_internal_author,high,1,false,
unimelb-accounting-009,Mr Danny Burton,https://fbe.unimelb.edu.au/our-people/staff/accounting/danny-burton,,,,unmatched,none,0,true,No Minerva internal-author identity found in the departmental seed collection
unimelb-accounting-010,Dr Phill Cobbin,https://findanexpert.unimelb.edu.au/profile/13986,,,,unmatched,none,0,true,No Minerva internal-author identity found in the departmental seed collection
unimelb-accounting-011,Mr Wayne Coetzee,https://fbe.unimelb.edu.au/our-people/staff/accounting/wayne-coetzee,,,,unmatched,none,0,true,No Minerva internal-author identity found in the departmental seed collection
unimelb-accounting-012,Mr Bob Cornick,https://fbe.unimelb.edu.au/our-people/staff/accounting/bob-cornick,,,,unmatched,none,0,true,No Minerva internal-author identity found in the departmental seed collection
unimelb-accounting-013,Mr Greg Cusack,https://fbe.unimelb.edu.au/our-people/staff/accounting/greg-cusack,,,,unmatched,none,0,true,No Minerva internal-author identity found in the departmental seed collection
unimelb-accounting-014,Professor Michael Davern,https://findanexpert.unimelb.edu.au/profile/14375,4743,0000-0002-9572-812X,"Davern, Michael",exact_normalized_full_name_to_minerva_internal_author,high,1,false,
unimelb-accounting-015,Dr Tongqing (Tony) Ding,https://fbe.unimelb.edu.au/our-people/staff/accounting/tongqing-ding,,,,unmatched,none,0,true,No Minerva internal-author identity found in the departmental seed collection
unimelb-accounting-016,Mr Matt Dyki,https://findanexpert.unimelb.edu.au/profile/223994,,,,unmatched,none,0,true,No Minerva internal-author identity found in the departmental seed collection
unimelb-accounting-017,Dr Patrick Ferguson,https://findanexpert.unimelb.edu.au/profile/196369,59488,0000-0003-2376-5463,"Ferguson, Patrick",exact_normalized_full_name_to_minerva_internal_author,high,1,false,
unimelb-accounting-018,Professor Jennifer Grafton,https://findanexpert.unimelb.edu.au/profile/2122,8626,0000-0003-3545-3870,"Grafton, Jennifer",exact_normalized_full_name_to_minerva_internal_author,high,1,false,
unimelb-accounting-019,Ms Lisa Greig,https://fbe.unimelb.edu.au/our-people/staff/accounting/lisa-greig,,,,unmatched,none,0,true,No Minerva internal-author identity found in the departmental seed collection
unimelb-accounting-020,Ms Jane Hronsky,https://findanexpert.unimelb.edu.au/profile/14595,11236,0000-0002-1987-7668,"Hronsky, Jane",exact_normalized_full_name_to_minerva_internal_author,high,1,false,
unimelb-accounting-021,Associate Professor Chung-Yu Hung,https://findanexpert.unimelb.edu.au/profile/759375,116746,0000-0003-0805-5260,"Hung, Chung-Yu",exact_normalized_full_name_to_minerva_internal_author,high,1,false,
unimelb-accounting-022,Dr Xue Jia,https://findanexpert.unimelb.edu.au/profile/788715,124963,0000-0002-0843-9259,"Jia, Xue",exact_normalized_full_name_to_minerva_internal_author,high,1,false,
unimelb-accounting-023,Associate Professor Like Jiang,https://findanexpert.unimelb.edu.au/profile/747313,115447,0000-0003-1704-9751,"Jiang, Like",exact_normalized_full_name_to_minerva_internal_author,high,1,false,
unimelb-accounting-024,Professor Flora Kuang,https://findanexpert.unimelb.edu.au/profile/743113,,,,unmatched,none,0,true,No Minerva internal-author identity found in the departmental seed collection
unimelb-accounting-025,Mr Warren Lee,https://fbe.unimelb.edu.au/our-people/staff/accounting/warren-lee,,,,unmatched,none,0,true,No Minerva internal-author identity found in the departmental seed collection
unimelb-accounting-026,Professor Stewart Leech,https://findanexpert.unimelb.edu.au/profile/278,33361,0000-0001-6956-1357,"Leech, Stewart",exact_normalized_full_name_to_minerva_internal_author,high,1,false,
unimelb-accounting-027,Professor Anne Lillis,https://findanexpert.unimelb.edu.au/profile/14425,590,0000-0002-3057-6428,"Lillis, Anne",exact_normalized_full_name_to_minerva_internal_author,high,1,false,
unimelb-accounting-028,Ms Joana Linggo Liong,https://fbe.unimelb.edu.au/our-people/staff/accounting/joana-linggo-liong,,,,unmatched,none,0,true,No Minerva internal-author identity found in the departmental seed collection
unimelb-accounting-029,Dr Junhao Liu,https://findanexpert.unimelb.edu.au/profile/1093039,,,,unmatched,none,0,true,No Minerva internal-author identity found in the departmental seed collection
unimelb-accounting-030,Mr Derick Lyle,https://findanexpert.unimelb.edu.au/profile/826860,,,,unmatched,none,0,true,No Minerva internal-author identity found in the departmental seed collection
unimelb-accounting-031,Dr Rebecca Mattocks,https://fbe.unimelb.edu.au/our-people/staff/accounting/rebecca-mattocks,,,,unmatched,none,0,true,No Minerva internal-author identity found in the departmental seed collection
unimelb-accounting-032,Mr Warren McKeown,https://findanexpert.unimelb.edu.au/profile/178662,,,,unmatched,none,0,true,No Minerva internal-author identity found in the departmental seed collection
unimelb-accounting-033,Dr Tasneem Mohammed,https://fbe.unimelb.edu.au/our-people/staff/accounting/tasneem-mohammed,,,,unmatched,none,0,true,No Minerva internal-author identity found in the departmental seed collection
unimelb-accounting-034,Professor Vic Naiker,https://findanexpert.unimelb.edu.au/profile/798347,132071,0000-0002-7069-8497,"Naiker, Vic",exact_normalized_full_name_to_minerva_internal_author,high,1,false,
unimelb-accounting-035,Dr Sujay Nair,https://findanexpert.unimelb.edu.au/profile/429349,1904,0000-0002-1506-6921,"Nair, Sujay",exact_normalized_full_name_to_minerva_internal_author,high,1,false,
unimelb-accounting-036,Professor Matthew Pinnuck,https://findanexpert.unimelb.edu.au/profile/1798,94,0000-0002-7743-5796,"Pinnuck, Matthew",exact_normalized_full_name_to_minerva_internal_author,high,1,false,
unimelb-accounting-037,Professor Brad Potter,https://findanexpert.unimelb.edu.au/profile/20553,,,,unmatched,none,0,true,No Minerva internal-author identity found in the departmental seed collection
unimelb-accounting-038,Associate Professor Bo Qin,https://findanexpert.unimelb.edu.au/profile/743093,115157,0000-0001-5817-1169,"Qin, Bo",exact_normalized_full_name_to_minerva_internal_author,high,1,false,
unimelb-accounting-039,Ms Michelle Sabe,https://fbe.unimelb.edu.au/our-people/staff/accounting/michelle-sabe,,,,unmatched,none,0,true,No Minerva internal-author identity found in the departmental seed collection
unimelb-accounting-040,Associate Professor Stefan Schantl,https://findanexpert.unimelb.edu.au/profile/761836,117320,0000-0002-3777-6756,"Schantl, Stefan",exact_normalized_full_name_to_minerva_internal_author,high,1,false,
unimelb-accounting-041,Ms Maggie Singorahardjo,https://fbe.unimelb.edu.au/our-people/staff/accounting/maggie-singorahardjo,132066,0000-0003-4778-3746,"Singorahardjo, Maggie",exact_normalized_full_name_to_minerva_internal_author,high,1,false,
unimelb-accounting-042,Professor Naomi Soderstrom,https://findanexpert.unimelb.edu.au/profile/183513,5569,0000-0001-7602-9182,"Soderstrom, Naomi",exact_normalized_full_name_to_minerva_internal_author,high,1,false,
unimelb-accounting-043,Professor Nasser Spear,https://findanexpert.unimelb.edu.au/profile/1559,,,,unmatched,none,0,true,No Minerva internal-author identity found in the departmental seed collection
unimelb-accounting-044,Dr Maiying Sui,https://fbe.unimelb.edu.au/our-people/staff/accounting/maiying-sui,,,,unmatched,none,0,true,No Minerva internal-author identity found in the departmental seed collection
unimelb-accounting-045,Dr Michael Taouk,https://fbe.unimelb.edu.au/our-people/staff/accounting/michael-taouk,,,,unmatched,none,0,true,No Minerva internal-author identity found in the departmental seed collection
unimelb-accounting-046,Mr Eu-Jin Teo,https://findanexpert.unimelb.edu.au/profile/52200,942,0000-0002-7196-5462,"Teo, Eu-Jin",exact_normalized_full_name_to_minerva_internal_author,high,1,false,
unimelb-accounting-047,Ms Di (Demi) Wang,https://fbe.unimelb.edu.au/our-people/staff/accounting/demi-wang,,,,unmatched,none,0,true,No Minerva internal-author identity found in the departmental seed collection
unimelb-accounting-048,Dr Martin Weisner,https://findanexpert.unimelb.edu.au/profile/796580,127594,0000-0003-1702-6277,"Weisner, Martin",exact_normalized_full_name_to_minerva_internal_author,high,1,false,
unimelb-accounting-049,Ms Sarah Yang Spencer,https://findanexpert.unimelb.edu.au/profile/826429,,,,unmatched,none,0,true,No Minerva internal-author identity found in the departmental seed collection
unimelb-accounting-050,Dr Qingbo Yuan,https://findanexpert.unimelb.edu.au/profile/233936,1556,0000-0003-4660-4283,"Yuan, Qingbo",exact_normalized_full_name_to_minerva_internal_author,high,1,false,
